annex2_code,field_name,canonical_field,priority,xsd_requirement,applicability,projected,delivered,has_field_rule,delivery_sample_value,xml_leaf_element,xml_first_record_value,population_mechanism,xsd_status
RREC1,Unique Identifier,collateral_unique_identifier,Mandatory,no ND,in scope,True,True,False,SYNTHETICDEMO0000000N202601,,,projector via registry regime_mapping (no direct rule),document XSD PASSED
RREC10,Energy Performance Certificate Value,energy_performance_certificate_value,Optional,ND1-4 allowed; ND5 allowed,in scope,True,True,True,ND5,UndrlygXpsrData/ResdtlRealEsttLn/PrfrmgLn/Coll/CollCmonData/Dtls/NrgyPrfrmncCertVal,ND5,projector via registry mapping + rule enum transform; permitted no-data value in output,document XSD PASSED
RREC11,Energy Performance Certificate Provider Name,energy_performance_certificate_provider_name,Optional,ND1-4 allowed; ND5 allowed,in scope,True,True,True,ND5,UndrlygXpsrData/ResdtlRealEsttLn/PrfrmgLn/Coll/CollCmonData/Dtls/NrgyPrfrmncCertPrvdrNm,ND5,projector via registry mapping + rule (validation/format); permitted no-data value in output,document XSD PASSED
RREC12,Current Loan-To-Value,current_loan_to_value,Analytics,ND1-4 allowed; ND5 allowed,in scope,True,True,True,29.8116,UndrlygXpsrData/ResdtlRealEsttLn/PrfrmgLn/Coll/CollCmonData/Valtn/CurInf/LnToVal,29.8116,projector via registry mapping + rule (validation/format),document XSD PASSED
RREC13,Current Valuation Amount,current_valuation_amount,Analytics,ND1-4 allowed; ND5 allowed,in scope,True,True,False,308227.27,UndrlygXpsrData/ResdtlRealEsttLn/PrfrmgLn/Coll/CollCmonData/Valtn/CurInf/ValtnAmt,308227.27,projector via registry regime_mapping (no direct rule),document XSD PASSED
RREC14,Current Valuation Method,current_valuation_method,Analytics,ND1-4 allowed,in scope,True,True,True,FOEI,UndrlygXpsrData/ResdtlRealEsttLn/PrfrmgLn/Coll/CollCmonData/Valtn/CurInf/ValtnMtd,FOEI,projector via registry mapping + rule enum transform,document XSD PASSED
RREC15,Current Valuation Date,current_valuation_date,Optional,ND1-4 allowed; ND5 allowed,in scope,True,True,True,ND5,UndrlygXpsrData/ResdtlRealEsttLn/PrfrmgLn/Coll/CollCmonData/Valtn/CurInf/ValtnDt,ND5,projector via registry mapping + rule (validation/format); permitted no-data value in output,document XSD PASSED
RREC16,Original Loan-To-Value,original_loan_to_value,Analytics,ND1-4 allowed; ND5 allowed,in scope,True,True,True,19.3662,UndrlygXpsrData/ResdtlRealEsttLn/PrfrmgLn/Coll/CollCmonData/Valtn/InfAtOrgtn/LnToVal,19.3662,projector via registry mapping + rule (validation/format),document XSD PASSED
RREC17,Original Valuation Amount,original_valuation_amount,Analytics,ND1-4 allowed,in scope,True,True,True,284000.0,UndrlygXpsrData/ResdtlRealEsttLn/PrfrmgLn/Coll/CollCmonData/Valtn/InfAtOrgtn/ValtnAmt,284000.00,projector via registry mapping + rule (validation/format),document XSD PASSED
RREC18,Original Valuation Method,original_valuation_method,Analytics,ND1-4 allowed,in scope,True,True,True,ND1,UndrlygXpsrData/ResdtlRealEsttLn/PrfrmgLn/Coll/CollCmonData/Valtn/InfAtOrgtn/ValtnMtd,ND1,projector via registry mapping + rule enum transform; permitted no-data value in output,document XSD PASSED
RREC19,Original Valuation Date,original_valuation_date,Analytics,ND1-4 allowed,in scope,True,True,True,ND1,UndrlygXpsrData/ResdtlRealEsttLn/PrfrmgLn/Coll/CollCmonData/Valtn/InfAtOrgtn/ValtnDt,ND1,projector via registry mapping + rule (validation/format); permitted no-data value in output,document XSD PASSED
RREC2,Underlying Exposure Identifier,underlying_exposure_identifier,Mandatory,no ND,in scope,True,True,False,EXP-000001,,,projector via registry regime_mapping (no direct rule),document XSD PASSED
RREC20,Date Of Sale,date_of_sale,Optional,ND1-4 allowed; ND5 allowed,in scope,True,True,True,ND5,UndrlygXpsrData/ResdtlRealEsttLn/PrfrmgLn/Coll/CollCmonData/Nfrcmnt/SaleDt,ND5,projector via registry mapping + rule (validation/format); permitted no-data value in output,document XSD PASSED
RREC21,Sale Price,sale_price,Mandatory,; ND5 allowed,in scope,True,True,True,ND5,UndrlygXpsrData/ResdtlRealEsttLn/PrfrmgLn/Coll/CollCmonData/Nfrcmnt/SalePric,ND5,projector via registry mapping + rule (validation/format); permitted no-data value in output,document XSD PASSED
RREC22,Collateral Currency,collateral_currency,Mandatory,; ND5 allowed,deferred,True,True,False,nan,,,projector via registry regime_mapping (no direct rule),document XSD PASSED
RREC23,Guarantor Type,guarantor_type,Analytics,ND1-4 allowed,in scope,True,True,True,ND1,UndrlygXpsrData/ResdtlRealEsttLn/PrfrmgLn/Coll/CollCmonData/Dtls/GuarntrTp,ND1,projector via registry mapping + rule enum transform; permitted no-data value in output,document XSD PASSED
RREC3,Original Collateral Identifier,original_collateral_identifier,Mandatory,no ND,in scope,True,True,False,VND-000001,UndrlygXpsrData/ResdtlRealEsttLn/PrfrmgLn/Coll/CollIdr/OrgnlIdr,VND-000001,projector via registry regime_mapping (no direct rule),document XSD PASSED
RREC4,New Collateral Identifier,new_collateral_identifier,Mandatory,no ND,in scope,True,True,False,COL-000001,UndrlygXpsrData/ResdtlRealEsttLn/PrfrmgLn/Coll/CollIdr/NewIdr,COL-000001,projector via registry regime_mapping (no direct rule),document XSD PASSED
RREC5,Collateral Type,collateral_type,Mandatory,no ND,in scope,True,True,False,RBLD,UndrlygXpsrData/ResdtlRealEsttLn/PrfrmgLn/Coll/CollCmonData/Dtls/CmonData/CollTp,RBLD,projector via registry regime_mapping (no direct rule),document XSD PASSED
RREC6,Geographic Region - Collateral,geographic_region_collateral,Optional,ND1-4 allowed; ND5 allowed,in scope,True,True,True,TLH37,UndrlygXpsrData/ResdtlRealEsttLn/PrfrmgLn/Coll/CollCmonData/Dtls/CmonData/TrtrlUnitClssfctn,TLH37,projector via registry mapping + rule (validation/format),document XSD PASSED
RREC7,Occupancy Type,occupancy_type,Optional,ND1-4 allowed; ND5 allowed,in scope,True,True,True,POWN,UndrlygXpsrData/ResdtlRealEsttLn/PrfrmgLn/Coll/CollCmonData/Dtls/OccpncyTp,POWN,projector via registry mapping + rule enum transform,document XSD PASSED
RREC8,Lien,lien,Optional,ND1-4 allowed; ND5 allowed,in scope,True,True,True,1,UndrlygXpsrData/ResdtlRealEsttLn/PrfrmgLn/Coll/CollCmonData/Dtls/CmonData/LienVal,1,projector via registry mapping + rule (validation/format),document XSD PASSED
RREC9,Property Type,property_type,Mandatory,; ND5 allowed,in scope,True,True,True,RBGL,UndrlygXpsrData/ResdtlRealEsttLn/PrfrmgLn/Coll/CollCmonData/Dtls/PrprtyTp,RBGL,projector via registry mapping + rule enum transform,document XSD PASSED
RREL1,Unique Identifier,unique_identifier,Mandatory,no ND,in scope,True,True,True,SYNTHETICDEMO0000000N202601,ScrtstnIdr,SYNTHETICDEMO0000000N202601,projector via registry mapping + rule (validation/format),document XSD PASSED
RREL10,Resident,resident,Analytics,ND1-4 allowed,in scope,True,True,True,True,UndrlygXpsrData/ResdtlRealEsttLn/PrfrmgLn/UndrlygXpsrCmonData/OblgrDtls/Resdt,true,projector via registry mapping + rule (validation/format),document XSD PASSED
RREL11,Geographic Region - Obligor,geographic_region_obligor,Analytics,ND1-4 allowed,in scope,True,True,True,TLH37,UndrlygXpsrData/ResdtlRealEsttLn/PrfrmgLn/UndrlygXpsrCmonData/OblgrDtls/TrtrlUnit/Clssfctn,TLH37,projector via registry mapping + rule (validation/format),document XSD PASSED
RREL12,Geographic Region Classification,geographic_region_classification,Analytics,ND1-4 allowed,in scope,True,True,True,2021,UndrlygXpsrData/ResdtlRealEsttLn/PrfrmgLn/UndrlygXpsrCmonData/OblgrDtls/TrtrlUnit/ClssfctnYr,2021,projector via registry mapping + rule (validation/format),document XSD PASSED
RREL13,Employment Status,employment_status,Analytics,ND1-4 allowed,in scope,True,True,True,ND1,UndrlygXpsrData/ResdtlRealEsttLn/PrfrmgLn/UndrlygXpsrCmonData/OblgrDtls/AddtlCmonData/MplyntSts,ND1,projector via registry mapping + rule enum transform; permitted no-data value in output,document XSD PASSED
RREL14,Credit Impaired Obligor,credit_impaired_obligor,Mandatory,; ND5 allowed,in scope,True,True,True,False,UndrlygXpsrData/ResdtlRealEsttLn/PrfrmgLn/UndrlygXpsrCmonData/OblgrDtls/AddtlCmonData/CdtImprdOblgr,false,projector via registry mapping + rule (validation/format),document XSD PASSED
RREL15,Customer Type,customer_type,Analytics,ND1-4 allowed,in scope,True,True,False,ND1,UndrlygXpsrData/ResdtlRealEsttLn/PrfrmgLn/UndrlygXpsrCmonData/OblgrDtls/CstmrTp,ND1,projector via registry regime_mapping (no direct rule); permitted no-data value in output,document XSD PASSED
RREL16,Primary Income,primary_income,Analytics,ND1-4 allowed,in scope,True,True,True,ND1,UndrlygXpsrData/ResdtlRealEsttLn/PrfrmgLn/UndrlygXpsrCmonData/OblgrDtls/FinDtls/PmryOblgrIncm/IncmVal,ND1,projector via registry mapping + rule (validation/format); permitted no-data value in output,document XSD PASSED
RREL17,Primary Income Type,primary_income_type,Analytics,ND1-4 allowed,in scope,True,True,True,ND1,UndrlygXpsrData/ResdtlRealEsttLn/PrfrmgLn/UndrlygXpsrCmonData/OblgrDtls/FinDtls/PmryOblgrIncm/Tp,ND1,projector via registry mapping + rule enum transform; permitted no-data value in output,document XSD PASSED
RREL18,Primary Income Currency,primary_income_currency,Analytics,ND1-4 allowed,in scope,True,True,False,nan,,,projector via registry regime_mapping (no direct rule),document XSD PASSED
RREL19,Primary Income Verification,primary_income_verification,Analytics,ND1-4 allowed,in scope,True,True,True,ND1,UndrlygXpsrData/ResdtlRealEsttLn/PrfrmgLn/UndrlygXpsrCmonData/OblgrDtls/FinDtls/PmryOblgrIncm/Vrfctn,ND1,projector via registry mapping + rule enum transform; permitted no-data value in output,document XSD PASSED
RREL2,Original Underlying Exposure Identifier,original_underlying_exposure_identifier,Mandatory,no ND,in scope,True,True,True,EXP-000001,UndrlygXpsrId/OrgnlUndrlygXpsrIdr,EXP-000001,projector via registry mapping + rule (validation/format),document XSD PASSED
RREL20,Secondary Income,secondary_income,Optional,ND1-4 allowed; ND5 allowed,in scope,False,False,False,,UndrlygXpsrData/ResdtlRealEsttLn/PrfrmgLn/UndrlygXpsrCmonData/OblgrDtls/FinDtls/ScndryOblgrIncm/IncmVal,ND5,omitted (no projected source; not derived),document XSD PASSED
RREL21,Secondary Income Verification,secondary_income_verification,Optional,ND1-4 allowed; ND5 allowed,in scope,False,False,False,,UndrlygXpsrData/ResdtlRealEsttLn/PrfrmgLn/UndrlygXpsrCmonData/OblgrDtls/FinDtls/ScndryOblgrIncm/Vrfctn,ND5,omitted (no projected source; not derived),document XSD PASSED
RREL22,Special Scheme,special_scheme,Optional,ND1-4 allowed; ND5 allowed,in scope,True,True,True,ND1,UndrlygXpsrData/ResdtlRealEsttLn/PrfrmgLn/UndrlygXpsrCmonData/UndrlygXpsrDtls/SpclSchme,ND1,projector via registry mapping + rule (validation/format); permitted no-data value in output,document XSD PASSED
RREL23,Origination Date,origination_date,Analytics,ND1-4 allowed,in scope,True,True,False,2018-11-14,UndrlygXpsrData/ResdtlRealEsttLn/PrfrmgLn/UndrlygXpsrCmonData/UndrlygXpsrDtls/IssncAndMtrtyDtls/OrgtnDt,2018-11-14,projector via registry regime_mapping (no direct rule),document XSD PASSED
RREL24,Maturity Date,maturity_date,Mandatory,; ND5 allowed,in scope,True,True,False,2064-11-30,UndrlygXpsrData/ResdtlRealEsttLn/PrfrmgLn/UndrlygXpsrCmonData/UndrlygXpsrDtls/IssncAndMtrtyDtls/MtrtyDt,2064-11-30,projector via registry regime_mapping (no direct rule),document XSD PASSED
RREL25,Original Term,original_term,Analytics,ND1-4 allowed; ND5 allowed,in scope,True,True,True,552,UndrlygXpsrData/ResdtlRealEsttLn/PrfrmgLn/UndrlygXpsrCmonData/UndrlygXpsrDtls/IssncAndMtrtyDtls/OrgnlTerm,552,projector via registry mapping + rule (validation/format),document XSD PASSED
RREL26,Origination Channel,origination_channel,Optional,ND1-4 allowed; ND5 allowed,in scope,True,True,True,BROK,UndrlygXpsrData/ResdtlRealEsttLn/PrfrmgLn/UndrlygXpsrCmonData/UndrlygXpsrDtls/OrgtnChanl,BROK,projector via registry mapping + rule enum transform,document XSD PASSED
RREL27,Purpose,purpose,Analytics,ND1-4 allowed,in scope,True,True,True,RENV,UndrlygXpsrData/ResdtlRealEsttLn/PrfrmgLn/UndrlygXpsrCmonData/UndrlygXpsrDtls/Purp,RENV,projector via registry mapping + rule enum transform,document XSD PASSED
RREL28,Currency Denomination,exposure_currency_denomination,Mandatory,no ND,in scope,True,True,False,GBP,,,projector via registry regime_mapping (no direct rule),document XSD PASSED
RREL29,Original Principal Balance,original_principal_balance,Analytics,ND1-4 allowed; ND5 allowed,in scope,True,True,False,55000.0,UndrlygXpsrData/ResdtlRealEsttLn/PrfrmgLn/UndrlygXpsrCmonData/UndrlygXpsrDtls/BalDtls/OrgnlPrncplBal,55000.0,projector via registry regime_mapping (no direct rule),document XSD PASSED
RREL3,New Underlying Exposure Identifier,new_underlying_exposure_identifier,Mandatory,no ND,in scope,True,True,False,EXP-000001,UndrlygXpsrId/NewUndrlygXpsrIdr,EXP-000001,projector via registry regime_mapping (no direct rule),document XSD PASSED
RREL30,Current Principal Balance,current_principal_balance,Mandatory,; ND5 allowed,in scope,True,True,False,91887.41,UndrlygXpsrData/ResdtlRealEsttLn/PrfrmgLn/UndrlygXpsrCmonData/UndrlygXpsrDtls/BalDtls/CurPrncplBal,91887.41,projector via registry regime_mapping (no direct rule),document XSD PASSED
RREL31,Prior Principal Balances,prior_principal_balances,Optional,ND1-4 allowed; ND5 allowed,in scope,True,True,True,ND1,UndrlygXpsrData/ResdtlRealEsttLn/PrfrmgLn/UndrlygXpsrCmonData/UndrlygXpsrDtls/BalDtls/PrrPrncplBal,ND1,projector via registry mapping + rule (validation/format); permitted no-data value in output,document XSD PASSED
RREL32,Pari Passu Underlying Exposures,pari_passu_underlying_exposures,Optional,ND1-4 allowed; ND5 allowed,in scope,True,True,True,ND1,UndrlygXpsrData/ResdtlRealEsttLn/PrfrmgLn/UndrlygXpsrCmonData/UndrlygXpsrDtls/BalDtls/PrpssUndrlygXpsr,ND1,projector via registry mapping + rule (validation/format); permitted no-data value in output,document XSD PASSED
RREL33,Total Credit Limit,total_credit_limit,Mandatory,; ND5 allowed,in scope,True,True,False,60500.0,UndrlygXpsrData/ResdtlRealEsttLn/PrfrmgLn/UndrlygXpsrCmonData/UndrlygXpsrDtls/BalDtls/TtlCdtLmt,60500.0,projector via registry regime_mapping (no direct rule),document XSD PASSED
RREL34,Purchase Price,purchase_price,Mandatory,; ND5 allowed,in scope,True,True,False,ND5,UndrlygXpsrData/ResdtlRealEsttLn/PrfrmgLn/UndrlygXpsrCmonData/UndrlygXpsrDtls/BalDtls/PurchsPric,ND5,projector via registry regime_mapping (no direct rule); permitted no-data value in output,document XSD PASSED
RREL35,Amortisation Type,amortisation_type,Analytics,ND1-4 allowed,in scope,True,True,True,OTHR,UndrlygXpsrData/ResdtlRealEsttLn/PrfrmgLn/UndrlygXpsrCmonData/UndrlygXpsrDtls/RpmtDtls/AmtstnTp,OTHR,projector via registry mapping + rule enum transform,document XSD PASSED
RREL36,Principal Grace Period End Date,principal_grace_period_end_date,Mandatory,; ND5 allowed,in scope,True,True,False,ND5,UndrlygXpsrData/ResdtlRealEsttLn/PrfrmgLn/UndrlygXpsrCmonData/UndrlygXpsrDtls/RpmtDtls/CmonData/GracePrdEndDt,ND5,projector via registry regime_mapping (no direct rule); permitted no-data value in output,document XSD PASSED
RREL37,Scheduled Principal Payment Frequency,scheduled_principal_payment_frequency,Mandatory,; ND5 allowed,in scope,True,True,True,ND5,UndrlygXpsrData/ResdtlRealEsttLn/PrfrmgLn/UndrlygXpsrCmonData/UndrlygXpsrDtls/RpmtDtls/CmonData/SchdldPmtFrqcy,ND5,projector via registry mapping + rule enum transform; permitted no-data value in output,document XSD PASSED
RREL38,Scheduled Interest Payment Frequency,scheduled_interest_payment_frequency,Mandatory,; ND5 allowed,in scope,True,True,True,ND5,UndrlygXpsrData/ResdtlRealEsttLn/PrfrmgLn/UndrlygXpsrCmonData/UndrlygXpsrDtls/RpmtDtls/CmonData/IntrstPmtFrqcy,ND5,projector via registry mapping + rule enum transform; permitted no-data value in output,document XSD PASSED
RREL39,Payment Due,payment_due,Mandatory,; ND5 allowed,in scope,True,True,False,0.0,UndrlygXpsrData/ResdtlRealEsttLn/PrfrmgLn/UndrlygXpsrCmonData/PrfrmncDtls/PmtDtls/PmtDue,0.0,projector via registry regime_mapping (no direct rule),document XSD PASSED
RREL4,Original Obligor Identifier,original_obligor_identifier,Mandatory,no ND,in scope,True,True,False,OBL-000001,UndrlygXpsrId/OrgnlOblgrIdr,OBL-000001,projector via registry regime_mapping (no direct rule),document XSD PASSED
RREL40,Debt To Income Ratio,debt_to_income_ratio,Optional,ND1-4 allowed; ND5 allowed,in scope,True,True,True,ND5,UndrlygXpsrData/ResdtlRealEsttLn/PrfrmgLn/UndrlygXpsrCmonData/RskDtls/DebtToIncm,ND5,projector via registry mapping + rule (validation/format); permitted no-data value in output,document XSD PASSED
RREL41,Balloon Amount,balloon_amount,Optional,ND1-4 allowed; ND5 allowed,in scope,True,True,True,ND1,UndrlygXpsrData/ResdtlRealEsttLn/PrfrmgLn/UndrlygXpsrCmonData/UndrlygXpsrDtls/RpmtDtls/BllnAmt,ND1,projector via registry mapping + rule (validation/format); permitted no-data value in output,document XSD PASSED
RREL42,Interest Rate Type,interest_rate_type,Mandatory,; ND5 allowed,in scope,True,True,True,FXRL,UndrlygXpsrData/ResdtlRealEsttLn/PrfrmgLn/UndrlygXpsrCmonData/UndrlygXpsrDtls/IntrstRateDtls/Tp,FXRL,projector via registry mapping + rule enum transform,document XSD PASSED
RREL43,Current Interest Rate,current_interest_rate,Mandatory,; ND5 allowed,in scope,True,True,False,6.787,UndrlygXpsrData/ResdtlRealEsttLn/PrfrmgLn/UndrlygXpsrCmonData/UndrlygXpsrDtls/IntrstRateDtls/CmonData/CurRate,6.787,projector via registry regime_mapping (no direct rule),document XSD PASSED
RREL44,Current Interest Rate Index,current_interest_rate_index,Mandatory,; ND5 allowed,in scope,True,True,True,ND5,UndrlygXpsrData/ResdtlRealEsttLn/PrfrmgLn/UndrlygXpsrCmonData/UndrlygXpsrDtls/IntrstRateDtls/CmonData/CurIndx,ND5,projector via registry mapping + rule enum transform; permitted no-data value in output,document XSD PASSED
RREL45,Current Interest Rate Index Tenor,current_interest_rate_index_tenor,Mandatory,; ND5 allowed,in scope,True,True,True,ND5,UndrlygXpsrData/ResdtlRealEsttLn/PrfrmgLn/UndrlygXpsrCmonData/UndrlygXpsrDtls/IntrstRateDtls/CmonData/CurTnor,ND5,projector via registry mapping + rule enum transform; permitted no-data value in output,document XSD PASSED
RREL46,Current Interest Rate Margin,current_interest_rate_margin,Mandatory,; ND5 allowed,in scope,True,True,False,ND5,UndrlygXpsrData/ResdtlRealEsttLn/PrfrmgLn/UndrlygXpsrCmonData/UndrlygXpsrDtls/IntrstRateDtls/CurIntrstRateMrgn,ND5,projector via registry regime_mapping (no direct rule); permitted no-data value in output,document XSD PASSED
RREL47,Interest Rate Reset Interval,interest_rate_reset_interval,Mandatory,; ND5 allowed,in scope,True,True,False,ND5,UndrlygXpsrData/ResdtlRealEsttLn/PrfrmgLn/UndrlygXpsrCmonData/UndrlygXpsrDtls/IntrstRateDtls/AddtlCmonData/RstIntrvl,ND5,projector via registry regime_mapping (no direct rule); permitted no-data value in output,document XSD PASSED
RREL48,Interest Rate Cap,interest_rate_cap,Mandatory,; ND5 allowed,in scope,True,True,False,ND5,UndrlygXpsrData/ResdtlRealEsttLn/PrfrmgLn/UndrlygXpsrCmonData/UndrlygXpsrDtls/IntrstRateDtls/AddtlCmonData/Cap,ND5,projector via registry regime_mapping (no direct rule); permitted no-data value in output,document XSD PASSED
RREL49,Interest Rate Floor,interest_rate_floor,Mandatory,; ND5 allowed,in scope,True,True,False,ND5,UndrlygXpsrData/ResdtlRealEsttLn/PrfrmgLn/UndrlygXpsrCmonData/UndrlygXpsrDtls/IntrstRateDtls/AddtlCmonData/Flr,ND5,projector via registry regime_mapping (no direct rule); permitted no-data value in output,document XSD PASSED
RREL5,New Obligor Identifier,new_obligor_identifier,Mandatory,no ND,in scope,True,True,False,OBL-000001,UndrlygXpsrId/NewOblgrIdr,OBL-000001,projector via registry regime_mapping (no direct rule),document XSD PASSED
RREL50,Revision Margin 1,revision_margin_1,Optional,ND1-4 allowed; ND5 allowed,in scope,True,True,True,ND1,UndrlygXpsrData/ResdtlRealEsttLn/PrfrmgLn/UndrlygXpsrCmonData/UndrlygXpsrDtls/IntrstRateDtls/FrstRvsnData/Mrgn,ND1,projector via registry mapping + rule (validation/format); permitted no-data value in output,document XSD PASSED
RREL51,Interest Revision Date 1,interest_revision_date_1,Optional,ND1-4 allowed; ND5 allowed,in scope,True,True,True,ND1,UndrlygXpsrData/ResdtlRealEsttLn/PrfrmgLn/UndrlygXpsrCmonData/UndrlygXpsrDtls/IntrstRateDtls/FrstRvsnData/IntrstRvsnDt,ND1,projector via registry mapping + rule (validation/format); permitted no-data value in output,document XSD PASSED
RREL52,Revision Margin 2,revision_margin_2,Optional,ND1-4 allowed; ND5 allowed,in scope,True,True,True,ND1,UndrlygXpsrData/ResdtlRealEsttLn/PrfrmgLn/UndrlygXpsrCmonData/UndrlygXpsrDtls/IntrstRateDtls/ScndRvsnData/Mrgn,ND1,projector via registry mapping + rule (validation/format); permitted no-data value in output,document XSD PASSED
RREL53,Interest Revision Date 2,interest_revision_date_2,Optional,ND1-4 allowed; ND5 allowed,in scope,True,True,True,ND1,UndrlygXpsrData/ResdtlRealEsttLn/PrfrmgLn/UndrlygXpsrCmonData/UndrlygXpsrDtls/IntrstRateDtls/ScndRvsnData/IntrstRvsnDt,ND1,projector via registry mapping + rule (validation/format); permitted no-data value in output,document XSD PASSED
RREL54,Revision Margin 3,revision_margin_3,Optional,ND1-4 allowed; ND5 allowed,in scope,True,True,True,ND5,UndrlygXpsrData/ResdtlRealEsttLn/PrfrmgLn/UndrlygXpsrCmonData/UndrlygXpsrDtls/IntrstRateDtls/ThrdRvsnData/Mrgn,ND5,projector via registry mapping + rule (validation/format); permitted no-data value in output,document XSD PASSED
RREL55,Interest Revision Date 3,interest_revision_date_3,Optional,ND1-4 allowed; ND5 allowed,in scope,True,True,True,ND5,UndrlygXpsrData/ResdtlRealEsttLn/PrfrmgLn/UndrlygXpsrCmonData/UndrlygXpsrDtls/IntrstRateDtls/ThrdRvsnData/IntrstRvsnDt,ND5,projector via registry mapping + rule (validation/format); permitted no-data value in output,document XSD PASSED
RREL56,Revised Interest Rate Index,revised_interest_rate_index,Optional,ND1-4 allowed; ND5 allowed,in scope,True,True,True,ND5,UndrlygXpsrData/ResdtlRealEsttLn/PrfrmgLn/UndrlygXpsrCmonData/UndrlygXpsrDtls/IntrstRateDtls/RvisdIntrstRateIndx,ND5,projector via registry mapping + rule enum transform; permitted no-data value in output,document XSD PASSED
RREL57,Revised Interest Rate Index Tenor,revised_interest_rate_index_tenor,Optional,ND1-4 allowed; ND5 allowed,in scope,True,True,True,ND5,UndrlygXpsrData/ResdtlRealEsttLn/PrfrmgLn/UndrlygXpsrCmonData/UndrlygXpsrDtls/IntrstRateDtls/RvisdIntrstRateIndxTnor,ND5,projector via registry mapping + rule enum transform; permitted no-data value in output,document XSD PASSED
RREL58,Number Of Payments Before Securitisation,number_of_payments_before_securitisation,Analytics,ND1-4 allowed,in scope,True,True,True,ND1,UndrlygXpsrData/ResdtlRealEsttLn/PrfrmgLn/UndrlygXpsrCmonData/PrfrmncDtls/PmtDtls/NbOfPmtsBfrScrtstn,ND1,projector via registry mapping + rule (validation/format); permitted no-data value in output,document XSD PASSED
RREL59,Percentage Of Prepayments Allowed Per Year,percentage_of_prepayments_allowed_per_year,Optional,ND1-4 allowed; ND5 allowed,in scope,True,True,True,ND5,UndrlygXpsrData/ResdtlRealEsttLn/PrfrmgLn/UndrlygXpsrCmonData/PrfrmncDtls/PrepmtDtls/PrepmtCmonData/AllwdPerYr,ND5,projector via registry mapping + rule (validation/format); permitted no-data value in output,document XSD PASSED
RREL6,Data Cut-Off Date,data_cut_off_date,Mandatory,no ND,in scope,True,True,True,2026-06-30,CutOffDt,2026-06-30,projector via registry mapping + rule (validation/format),document XSD PASSED
RREL60,Prepayment Lock-Out End Date,prepayment_lock_out_end_date,Optional,ND1-4 allowed; ND5 allowed,in scope,True,True,True,ND5,UndrlygXpsrData/ResdtlRealEsttLn/PrfrmgLn/UndrlygXpsrCmonData/PrfrmncDtls/PrepmtDtls/LckOutEndDt,ND5,projector via registry mapping + rule (validation/format); permitted no-data value in output,document XSD PASSED
RREL61,Prepayment Fee,prepayment_fee,Mandatory,; ND5 allowed,in scope,True,True,False,0.0,UndrlygXpsrData/ResdtlRealEsttLn/PrfrmgLn/UndrlygXpsrCmonData/PrfrmncDtls/PrepmtDtls/PrepmtCmonData/Fee,0.0,projector via registry regime_mapping (no direct rule),document XSD PASSED
RREL62,Prepayment Fee End Date,prepayment_fee_end_date,Optional,ND1-4 allowed; ND5 allowed,in scope,True,True,True,ND5,UndrlygXpsrData/ResdtlRealEsttLn/PrfrmgLn/UndrlygXpsrCmonData/PrfrmncDtls/PrepmtDtls/PrepmtCmonData/FeeEndDt,ND5,projector via registry mapping + rule (validation/format); permitted no-data value in output,document XSD PASSED
RREL63,Prepayment Date,prepayment_date,Optional,ND1-4 allowed; ND5 allowed,in scope,True,True,True,ND5,UndrlygXpsrData/ResdtlRealEsttLn/PrfrmgLn/UndrlygXpsrCmonData/PrfrmncDtls/PrepmtDtls/PrepmtCmonData/LatstDt,ND5,projector via registry mapping + rule (validation/format); permitted no-data value in output,document XSD PASSED
RREL64,Cumulative Prepayments,cumulative_prepayments,Optional,ND1-4 allowed; ND5 allowed,in scope,True,True,True,ND5,UndrlygXpsrData/ResdtlRealEsttLn/PrfrmgLn/UndrlygXpsrCmonData/PrfrmncDtls/PrepmtDtls/PrepmtCmonData/CmltvAmt,ND5,projector via registry mapping + rule (validation/format); permitted no-data value in output,document XSD PASSED
RREL65,Date Of Restructuring,date_of_restructuring,Optional,ND1-4 allowed; ND5 allowed,in scope,True,True,True,ND5,UndrlygXpsrData/ResdtlRealEsttLn/PrfrmgLn/UndrlygXpsrCmonData/PrfrmncDtls/GnlAttrbts/RstrgDt,ND5,projector via registry mapping + rule (validation/format); permitted no-data value in output,document XSD PASSED
RREL66,Date Last In Arrears,date_last_in_arrears,Optional,ND1-4 allowed; ND5 allowed,in scope,True,True,True,ND5,UndrlygXpsrData/ResdtlRealEsttLn/PrfrmgLn/UndrlygXpsrCmonData/PrfrmncDtls/ArrearsDtls/DtLastInArrears,ND5,projector via registry mapping + rule (validation/format); permitted no-data value in output,document XSD PASSED
RREL67,Arrears Balance,arrears_balance,Mandatory,no ND,in scope,True,True,False,0.0,,,projector via registry regime_mapping (no direct rule),document XSD PASSED
RREL68,Number Of Days In Arrears,number_of_days_in_arrears,Mandatory,no ND,in scope,True,True,False,0,UndrlygXpsrData/ResdtlRealEsttLn/PrfrmgLn/UndrlygXpsrCmonData/PrfrmncDtls/ArrearsDtls/NbOfDaysInArrears,0,projector via registry regime_mapping (no direct rule),document XSD PASSED
RREL69,Account Status,account_status,Mandatory,no ND,in scope,True,True,True,PERF,UndrlygXpsrData/ResdtlRealEsttLn/PrfrmgLn/UndrlygXpsrCmonData/PrfrmncDtls/GnlAttrbts/AcctSts,PERF,projector via registry mapping + rule enum transform,document XSD PASSED
RREL7,Pool Addition Date,pool_addition_date,Mandatory,; ND5 allowed,in scope,True,True,False,2024-09-30,UndrlygXpsrData/ResdtlRealEsttLn/PrfrmgLn/UndrlygXpsrCmonData/ActvtyDtDtls/PoolAddtnDt,2024-09-30,projector via registry regime_mapping (no direct rule),document XSD PASSED
RREL70,Reason for Default or Foreclosure,reason_for_default_or_foreclosure,Optional,ND1-4 allowed; ND5 allowed,in scope,True,True,True,ND5,UndrlygXpsrData/ResdtlRealEsttLn/PrfrmgLn/UndrlygXpsrCmonData/PrfrmncDtls/DfltDtls/CmonData/DfltOrFrclsrRsn,ND5,projector via registry mapping + rule enum transform; permitted no-data value in output,document XSD PASSED
RREL71,Default Amount,default_amount,Mandatory,; ND5 allowed,in scope,True,True,False,0.0,UndrlygXpsrData/ResdtlRealEsttLn/PrfrmgLn/UndrlygXpsrCmonData/PrfrmncDtls/DfltDtls/CmonData/GrssDflt,0.0,projector via registry regime_mapping (no direct rule),document XSD PASSED
RREL72,Default Date,default_date,Mandatory,; ND5 allowed,in scope,True,True,True,ND5,UndrlygXpsrData/ResdtlRealEsttLn/PrfrmgLn/UndrlygXpsrCmonData/PrfrmncDtls/DfltDtls/CmonData/DtOfDflt,ND5,projector via registry mapping + rule (validation/format); permitted no-data value in output,document XSD PASSED
RREL73,Allocated Losses,allocated_losses,Mandatory,; ND5 allowed,in scope,True,True,False,0.0,UndrlygXpsrData/ResdtlRealEsttLn/PrfrmgLn/UndrlygXpsrCmonData/PrfrmncDtls/DfltDtls/RcvrsData/AllctdLoss,0.0,projector via registry regime_mapping (no direct rule),document XSD PASSED
RREL74,Cumulative Recoveries,cumulative_recoveries,Mandatory,; ND5 allowed,in scope,True,True,False,0.0,UndrlygXpsrData/ResdtlRealEsttLn/PrfrmgLn/UndrlygXpsrCmonData/PrfrmncDtls/DfltDtls/RcvrsData/CmltvRcvrs,0.0,projector via registry regime_mapping (no direct rule),document XSD PASSED
RREL75,Litigation,litigation,Mandatory,; ND5 allowed,in scope,True,True,True,False,UndrlygXpsrData/ResdtlRealEsttLn/PrfrmgLn/UndrlygXpsrCmonData/PrfrmncDtls/DfltDtls/Ltgtn,false,projector via registry mapping + rule (validation/format),document XSD PASSED
RREL76,Recourse,recourse,Optional,ND1-4 allowed; ND5 allowed,in scope,True,True,True,ND5,UndrlygXpsrData/ResdtlRealEsttLn/PrfrmgLn/UndrlygXpsrCmonData/RskDtls/Rcrs,ND5,projector via registry mapping + rule (validation/format); permitted no-data value in output,document XSD PASSED
RREL77,Deposit Amount,deposit_amount,Mandatory,; ND5 allowed,in scope,True,True,False,ND5,UndrlygXpsrData/ResdtlRealEsttLn/PrfrmgLn/UndrlygXpsrCmonData/RskDtls/Dpst,ND5,projector via registry regime_mapping (no direct rule); permitted no-data value in output,document XSD PASSED
RREL78,Insurance Or Investment Provider,insurance_or_investment_provider,Optional,ND1-4 allowed; ND5 allowed,in scope,True,True,True,ND5,UndrlygXpsrData/ResdtlRealEsttLn/PrfrmgLn/UndrlygXpsrCmonData/RskDtls/InsrncOrInvstmtPrvdr,ND5,projector via registry mapping + rule (validation/format); permitted no-data value in output,document XSD PASSED
RREL79,Original Lender Name,original_lender_name,Optional,ND1-4 allowed; ND5 allowed,in scope,True,True,True,ND5,UndrlygXpsrData/ResdtlRealEsttLn/PrfrmgLn/UndrlygXpsrCmonData/InstnlDtls/OrgnlLndr/Nm,ND5,projector via registry mapping + rule (validation/format); permitted no-data value in output,document XSD PASSED
RREL8,Date Of Repurchase,date_of_repurchase,Mandatory,; ND5 allowed,in scope,True,True,False,ND5,UndrlygXpsrData/ResdtlRealEsttLn/PrfrmgLn/UndrlygXpsrCmonData/ActvtyDtDtls/RpDt,ND5,projector via registry regime_mapping (no direct rule); permitted no-data value in output,document XSD PASSED
RREL80,Original Lender Legal Entity Identifier,original_lender_legal_entity_identifier,Optional,ND1-4 allowed; ND5 allowed,in scope,True,True,True,ND5,UndrlygXpsrData/ResdtlRealEsttLn/PrfrmgLn/UndrlygXpsrCmonData/InstnlDtls/OrgnlLndr/LEICd,ND5,projector via registry mapping + rule (validation/format); permitted no-data value in output,document XSD PASSED
RREL81,Original Lender Establishment Country,original_lender_establishment_country,Optional,ND1-4 allowed; ND5 allowed,in scope,True,True,True,ND5,UndrlygXpsrData/ResdtlRealEsttLn/PrfrmgLn/UndrlygXpsrCmonData/InstnlDtls/OrgnlLndr/CtryOfDmcl,ND5,projector via registry mapping + rule (validation/format); permitted no-data value in output,document XSD PASSED
RREL82,Originator Name,originator_name,Mandatory,no ND,in scope,True,True,False,Alderbridge Lending Platform (synthetic),UndrlygXpsrData/ResdtlRealEsttLn/PrfrmgLn/UndrlygXpsrCmonData/InstnlDtls/Orgtr/Nm,Alderbridge Lending Platform (synthetic),projector via registry regime_mapping (no direct rule),document XSD PASSED
RREL83,Originator Legal Entity Identifier,originator_legal_entity_identifier,Mandatory,no ND,in scope,True,True,True,SYNTHETICDEMO0000000,,,projector via registry mapping + rule enum transform,document XSD PASSED
RREL84,Originator Establishment Country,originator_establishment_country,Mandatory,no ND,in scope,True,True,False,GB,UndrlygXpsrData/ResdtlRealEsttLn/PrfrmgLn/UndrlygXpsrCmonData/InstnlDtls/Orgtr/CtryOfDmcl,GB,projector via registry regime_mapping (no direct rule),document XSD PASSED
RREL9,Redemption Date,redemption_date,Mandatory,; ND5 allowed,in scope,True,True,True,ND5,UndrlygXpsrData/ResdtlRealEsttLn/PrfrmgLn/UndrlygXpsrCmonData/PrfrmncDtls/GnlAttrbts/RedDt,ND5,projector via registry mapping + rule (validation/format); permitted no-data value in output,document XSD PASSED
