account_status,allocated_losses,amortisation_type,arrears_balance,borrower_identifier,collateral_currency,collateral_type,credit_impaired_obligor,cumulative_recoveries,current_interest_rate,current_interest_rate_index,current_interest_rate_index_tenor,current_interest_rate_margin,current_loan_to_value,current_principal_balance,current_valuation_amount,current_valuation_date,current_valuation_method,data_cut_off_date,date_of_repurchase,default_amount,default_date,deposit_amount,employment_status,exposure_currency_denomination,geographic_region_classification,geographic_region_obligor,interest_rate_cap,interest_rate_floor,interest_rate_reset_interval,interest_rate_type,litigation,loan_identifier,maturity_date,new_collateral_identifier,new_obligor_identifier,new_underlying_exposure_identifier,number_of_days_in_arrears,occupancy_type,original_collateral_identifier,original_loan_to_value,original_obligor_identifier,original_principal_balance,original_underlying_exposure_identifier,origination_channel,origination_date,originator_legal_entity_identifier,originator_name,payment_due,pool_addition_date,postcode,prepayment_fee,principal_grace_period_end_date,property_type,purchase_price,purpose,redemption_date,resident,scheduled_interest_payment_frequency,scheduled_principal_payment_frequency,total_credit_limit,underlying_exposure_identifier,unique_identifier,youngest_borrower_age,originator_establishment_country,customer_type,current_outstanding_balance,accrued_interest,geographic_region_collateral,collateral_geography,geographic_region_obligor_itl3,geographic_region_collateral_itl3,geographic_region_classification_source,source_portfolio_id,source_portfolio_type,source_portfolio_label,acquisition_date,seller_name,portfolio_cohort
Active,0,Interest roll-up,0,,GBP,residential property,N,0,6.451,SONIA,1M,0,37.194742520432584,390604.68,1050161,2026-05-31,Full survey,2026-05-31,2025-01-31,0,,0,Self employed,GBP,2021,TLJ16,15,0,12,FXRL,N,ORIGINATION-0001,2047-07-30,ORIGINATION-0001-COLL-N,OBL-ORIGINATION-0001,ORIGINATION-0001-N,0,Owner Occupied,ORIGINATION-0001-COLL-O,0.3454,OBO-ORIGINATION-0001,347145.65,ORIGINATION-0001,Direct,2024-07-30,213800ABCDE123456701N202501,ERE Funding Limited,0,2024-07-30,RG1 2DP,0,2026-11-30,RHOS,1005000,PURC,,Y,Monthly,Quarterly,364502.93,ORIGINATION-0001,SYN-ORIGINATION-0001,63,GB,CNEO,390604.68,,TLJ16,South East,TLJ16,TLJ16,configured_nuts_classification_year,alp_origination,direct,ALP Origination Book,,,alp_origination
Active,0,Interest roll-up,0,,GBP,residential property,N,0,6.735,SONIA,1M,0,37.796262574812175,296814.05,785300,2026-05-31,Full survey,2026-05-31,2025-01-31,0,,0,Self employed,GBP,2021,TLK51,15,0,12,FXRL,N,ORIGINATION-0002,2043-02-28,ORIGINATION-0002-COLL-N,OBL-ORIGINATION-0002,ORIGINATION-0002-N,0,Owner Occupied,ORIGINATION-0002-COLL-O,0.2764,OBO-ORIGINATION-0002,182396.61,ORIGINATION-0002,Direct,2019-02-28,213800ABCDE123456701N202501,ERE Funding Limited,0,2019-02-28,BS1 5AH,0,2026-11-30,RHOS,660000,RENV,,Y,Monthly,Quarterly,191516.44,ORIGINATION-0002,SYN-ORIGINATION-0002,81,GB,CNEO,296814.05,,TLK51,South West,TLK51,TLK51,configured_nuts_classification_year,alp_origination,direct,ALP Origination Book,,,alp_origination
Active,0,Interest roll-up,0,,GBP,residential property,N,0,6.342,SONIA,1M,0,29.979155355065217,220306.32,734865,2026-05-31,Full survey,2026-05-31,2025-01-31,0,,0,Employed,GBP,2021,TLI35,15,0,12,FXRL,N,ORIGINATION-0003,2045-03-30,ORIGINATION-0003-COLL-N,OBL-ORIGINATION-0003,ORIGINATION-0003-N,0,Owner Occupied,ORIGINATION-0003-COLL-O,0.2545,OBO-ORIGINATION-0003,169264.87,ORIGINATION-0003,Direct,2022-03-30,213800ABCDE123456701N202501,ERE Funding Limited,0,2022-03-30,SW1A 1AA,0,2026-11-30,RHOS,665000,EQRE,,Y,Monthly,Quarterly,177728.11,ORIGINATION-0003,SYN-ORIGINATION-0003,79,GB,CNEO,220306.32,,TLI35,London,TLI35,TLI35,configured_nuts_classification_year,alp_origination,direct,ALP Origination Book,,,alp_origination
Active,0,Interest roll-up,0,,GBP,residential property,N,0,6.915,SONIA,1M,0,42.35871151876947,388844.5,917980,2026-05-31,Full survey,2026-05-31,2025-01-31,0,,0,Self employed,GBP,2021,TLH42,15,0,12,FXRL,N,ORIGINATION-0004,2039-05-30,ORIGINATION-0004-COLL-N,OBL-ORIGINATION-0004,ORIGINATION-0004-N,0,Owner Occupied,ORIGINATION-0004-COLL-O,0.3871,OBO-ORIGINATION-0004,338754.78,ORIGINATION-0004,Direct,2024-05-30,213800ABCDE123456701N202501,ERE Funding Limited,0,2024-05-30,CB2 1TN,0,2026-11-30,RFLT,875000,PURC,,Y,Monthly,Quarterly,355692.52,ORIGINATION-0004,SYN-ORIGINATION-0004,66,GB,CNEO,388844.5,,TLH42,East of England,TLH42,TLH42,configured_nuts_classification_year,alp_origination,direct,ALP Origination Book,,,alp_origination
Active,0,Interest roll-up,0,,GBP,residential property,N,0,8.439,SONIA,1M,0,34.22641643683904,221273.44,646499,2026-05-31,Full survey,2026-05-31,2025-01-31,0,,0,Retired,GBP,2021,TLH42,15,0,12,FXRL,N,ORIGINATION-0005,2048-04-30,ORIGINATION-0005-COLL-N,OBL-ORIGINATION-0005,ORIGINATION-0005-N,0,Owner Occupied,ORIGINATION-0005-COLL-O,0.302,OBO-ORIGINATION-0005,185712.92,ORIGINATION-0005,Direct,2024-04-30,213800ABCDE123456701N202501,ERE Funding Limited,0,2024-04-30,CB2 1TN,0,2026-11-30,RHOS,615000,RENV,,Y,Monthly,Quarterly,194998.57,ORIGINATION-0005,SYN-ORIGINATION-0005,70,GB,CNEO,221273.44,,TLH42,East of England,TLH42,TLH42,configured_nuts_classification_year,alp_origination,direct,ALP Origination Book,,,alp_origination
Active,0,Interest roll-up,0,,GBP,residential property,N,0,7.91,SONIA,1M,0,43.744102156682565,210882.88,482083,2026-05-31,Full survey,2026-05-31,2025-01-31,0,,0,Retired,GBP,2021,TLM13,15,0,12,FXRL,N,ORIGINATION-0006,2045-08-30,ORIGINATION-0006-COLL-N,OBL-ORIGINATION-0006,ORIGINATION-0006-N,0,Owner Occupied,ORIGINATION-0006-COLL-O,0.3191,OBO-ORIGINATION-0006,134017.5,ORIGINATION-0006,Direct,2020-08-30,213800ABCDE123456701N202501,ERE Funding Limited,0,2020-08-30,EH1 1YZ,0,2026-11-30,RFLT,420000,RENV,,Y,Monthly,Quarterly,140718.38,ORIGINATION-0006,SYN-ORIGINATION-0006,69,GB,CNEO,210882.88,,TLM13,Scotland,TLM13,TLM13,configured_nuts_classification_year,alp_origination,direct,ALP Origination Book,,,alp_origination
Active,0,Interest roll-up,0,,GBP,residential property,N,0,7.274,SONIA,1M,0,59.61142385536995,427596.32,717306,2026-05-31,Full survey,2026-05-31,2025-01-31,0,,0,Retired,GBP,2021,TLH42,15,0,12,FXRL,N,ORIGINATION-0007,2040-04-30,ORIGINATION-0007-COLL-N,OBL-ORIGINATION-0007,ORIGINATION-0007-N,0,Owner Occupied,ORIGINATION-0007-COLL-O,0.4658,OBO-ORIGINATION-0007,295755.79,ORIGINATION-0007,Direct,2021-04-30,213800ABCDE123456701N202501,ERE Funding Limited,0,2021-04-30,CB2 1TN,0,2026-11-30,RBGL,635000,EQRE,,Y,Monthly,Quarterly,310543.58,ORIGINATION-0007,SYN-ORIGINATION-0007,74,GB,CNEO,427596.32,,TLH42,East of England,TLH42,TLH42,configured_nuts_classification_year,alp_origination,direct,ALP Origination Book,,,alp_origination
Active,0,Interest roll-up,0,,GBP,residential property,N,0,6.376,SONIA,1M,0,42.507802362008626,259437.02,610328,2026-05-31,Full survey,2026-05-31,2025-01-31,0,,0,Self employed,GBP,2021,TLH42,15,0,12,FXRL,N,ORIGINATION-0008,2044-04-30,ORIGINATION-0008-COLL-N,OBL-ORIGINATION-0008,ORIGINATION-0008-N,0,Owner Occupied,ORIGINATION-0008-COLL-O,0.3211,OBO-ORIGINATION-0008,165351.95,ORIGINATION-0008,Direct,2019-04-30,213800ABCDE123456701N202501,ERE Funding Limited,0,2019-04-30,CB2 1TN,0,2026-11-30,RBGL,515000,EQRE,,Y,Monthly,Quarterly,173619.55,ORIGINATION-0008,SYN-ORIGINATION-0008,82,GB,CNEO,259437.02,,TLH42,East of England,TLH42,TLH42,configured_nuts_classification_year,alp_origination,direct,ALP Origination Book,,,alp_origination
Active,0,Interest roll-up,0,,GBP,residential property,N,0,8.066,SONIA,1M,0,42.03851570972725,537251.39,1277998,2026-05-31,Full survey,2026-05-31,2025-01-31,0,,0,Retired,GBP,2021,TLK51,15,0,12,FXRL,N,ORIGINATION-0009,2036-10-30,ORIGINATION-0009-COLL-N,OBL-ORIGINATION-0009,ORIGINATION-0009-N,0,Owner Occupied,ORIGINATION-0009-COLL-O,0.3246,OBO-ORIGINATION-0009,371671.87,ORIGINATION-0009,Direct,2021-10-30,213800ABCDE123456701N202501,ERE Funding Limited,0,2021-10-30,BS1 5AH,0,2026-11-30,RFLT,1145000,PURC,,Y,Monthly,Quarterly,390255.46,ORIGINATION-0009,SYN-ORIGINATION-0009,80,GB,CNEO,537251.39,,TLK51,South West,TLK51,TLK51,configured_nuts_classification_year,alp_origination,direct,ALP Origination Book,,,alp_origination
Active,0,Interest roll-up,0,,GBP,residential property,N,0,8.595,SONIA,1M,0,58.4470385249279,226961.54,388320,2026-05-31,Full survey,2026-05-31,2025-01-31,0,,0,Self employed,GBP,2021,TLF14,15,0,12,FXRL,N,ORIGINATION-0010,2036-01-30,ORIGINATION-0010-COLL-N,OBL-ORIGINATION-0010,ORIGINATION-0010-N,0,Owner Occupied,ORIGINATION-0010-COLL-O,0.4474,OBO-ORIGINATION-0010,156594.25,ORIGINATION-0010,Direct,2022-01-30,213800ABCDE123456701N202501,ERE Funding Limited,0,2022-01-30,NG1 5FS,0,2026-11-30,RBGL,350000,RMRT,,Y,Monthly,Quarterly,164423.96,ORIGINATION-0010,SYN-ORIGINATION-0010,76,GB,CNEO,226961.54,,TLF14,East Midlands,TLF14,TLF14,configured_nuts_classification_year,alp_origination,direct,ALP Origination Book,,,alp_origination
Active,0,Interest roll-up,0,,GBP,residential property,N,0,7.333,SONIA,1M,0,26.499672085951076,126876.19,478784,2026-05-31,Full survey,2026-05-31,2025-01-31,0,,0,Employed,GBP,2021,TLL52,15,0,12,FXRL,N,ORIGINATION-0011,2041-05-30,ORIGINATION-0011-COLL-N,OBL-ORIGINATION-0011,ORIGINATION-0011-N,0,Owner Occupied,ORIGINATION-0011-COLL-O,0.2177,OBO-ORIGINATION-0011,94706.66,ORIGINATION-0011,Direct,2022-05-30,213800ABCDE123456701N202501,ERE Funding Limited,0,2022-05-30,CF10 1EP,0,2026-11-30,RFLT,435000,RENV,,Y,Monthly,Quarterly,99441.99,ORIGINATION-0011,SYN-ORIGINATION-0011,76,GB,CNEO,126876.19,,TLL52,Wales,TLL52,TLL52,configured_nuts_classification_year,alp_origination,direct,ALP Origination Book,,,alp_origination
Active,0,Interest roll-up,0,,GBP,residential property,N,0,7.592,SONIA,1M,0,53.57355454941961,622751.32,1162423,2026-05-31,Full survey,2026-05-31,2025-01-31,0,,0,Retired,GBP,2021,TLM13,15,0,12,FXRL,N,ORIGINATION-0012,2039-01-30,ORIGINATION-0012-COLL-N,OBL-ORIGINATION-0012,ORIGINATION-0012-N,0,Owner Occupied,ORIGINATION-0012-COLL-O,0.3667,OBO-ORIGINATION-0012,357506.8,ORIGINATION-0012,Direct,2019-01-30,213800ABCDE123456701N202501,ERE Funding Limited,0,2019-01-30,EH1 1YZ,0,2026-11-30,RHOS,975000,EQRE,,Y,Monthly,Quarterly,375382.14,ORIGINATION-0012,SYN-ORIGINATION-0012,73,GB,CNEO,622751.32,,TLM13,Scotland,TLM13,TLM13,configured_nuts_classification_year,alp_origination,direct,ALP Origination Book,,,alp_origination
Active,0,Interest roll-up,0,,GBP,residential property,N,0,6.304,SONIA,1M,0,28.79245197417257,298276.27,1035953,2026-05-31,Full survey,2026-05-31,2025-01-31,0,,0,Self employed,GBP,2021,TLJ16,15,0,12,FXRL,N,ORIGINATION-0013,2039-11-30,ORIGINATION-0013-COLL-N,OBL-ORIGINATION-0013,ORIGINATION-0013-N,0,Owner Occupied,ORIGINATION-0013-COLL-O,0.2417,OBO-ORIGINATION-0013,224771.13,ORIGINATION-0013,Direct,2021-11-30,213800ABCDE123456701N202501,ERE Funding Limited,0,2021-11-30,RG1 2DP,0,2026-11-30,RBGL,930000,RENV,,Y,Monthly,Quarterly,236009.69,ORIGINATION-0013,SYN-ORIGINATION-0013,81,GB,CNEO,298276.27,,TLJ16,South East,TLJ16,TLJ16,configured_nuts_classification_year,alp_origination,direct,ALP Origination Book,,,alp_origination
Active,0,Interest roll-up,0,,GBP,residential property,N,0,6.805,SONIA,1M,0,45.78956407116747,562053.62,1227471,2026-05-31,Full survey,2026-05-31,2025-01-31,0,,0,Retired,GBP,2021,TLM13,15,0,12,FXRL,N,ORIGINATION-0014,2047-05-30,ORIGINATION-0014-COLL-N,OBL-ORIGINATION-0014,ORIGINATION-0014-N,0,Owner Occupied,ORIGINATION-0014-COLL-O,0.4194,OBO-ORIGINATION-0014,490723.93,ORIGINATION-0014,Direct,2024-05-30,213800ABCDE123456701N202501,ERE Funding Limited,0,2024-05-30,EH1 1YZ,0,2026-11-30,RBGL,1170000,RMRT,,Y,Monthly,Quarterly,515260.13,ORIGINATION-0014,SYN-ORIGINATION-0014,79,GB,CNEO,562053.62,,TLM13,Scotland,TLM13,TLM13,configured_nuts_classification_year,alp_origination,direct,ALP Origination Book,,,alp_origination
Active,0,Interest roll-up,0,,GBP,residential property,N,0,6.241,SONIA,1M,0,53.27929127315291,238518.6,447676,2026-05-31,Full survey,2026-05-31,2025-01-31,0,,0,Retired,GBP,2021,TLK51,15,0,12,FXRL,N,ORIGINATION-0015,2037-09-30,ORIGINATION-0015-COLL-N,OBL-ORIGINATION-0015,ORIGINATION-0015-N,0,Owner Occupied,ORIGINATION-0015-COLL-O,0.463,OBO-ORIGINATION-0015,189844.18,ORIGINATION-0015,Direct,2022-09-30,213800ABCDE123456701N202501,ERE Funding Limited,0,2022-09-30,BS1 5AH,0,2026-11-30,RFLT,410000,PURC,,Y,Monthly,Quarterly,199336.39,ORIGINATION-0015,SYN-ORIGINATION-0015,88,GB,CNEO,238518.6,,TLK51,South West,TLK51,TLK51,configured_nuts_classification_year,alp_origination,direct,ALP Origination Book,,,alp_origination
Active,0,Interest roll-up,0,,GBP,residential property,N,0,7.347,SONIA,1M,0,64.43336447734683,864793.69,1342152,2026-05-31,Full survey,2026-05-31,2025-01-31,0,,0,Retired,GBP,2021,TLD33,15,0,12,FXRL,N,ORIGINATION-0016,2043-04-30,ORIGINATION-0016-COLL-N,OBL-ORIGINATION-0016,ORIGINATION-0016-N,0,Owner Occupied,ORIGINATION-0016-COLL-O,0.4775,OBO-ORIGINATION-0016,553859.54,ORIGINATION-0016,Direct,2020-04-30,213800ABCDE123456701N202501,ERE Funding Limited,0,2020-04-30,M1 1AE,0,2026-11-30,RBGL,1160000,EQRE,,Y,Monthly,Quarterly,581552.52,ORIGINATION-0016,SYN-ORIGINATION-0016,86,GB,CNEO,864793.69,,TLD33,North West,TLD33,TLD33,configured_nuts_classification_year,alp_origination,direct,ALP Origination Book,,,alp_origination
Active,0,Interest roll-up,0,,GBP,residential property,N,0,7.003,SONIA,1M,0,60.81918242712659,514272.41,845576,2026-05-31,Full survey,2026-05-31,2025-01-31,0,,0,Retired,GBP,2021,TLF14,15,0,12,FXRL,N,ORIGINATION-0017,2037-12-30,ORIGINATION-0017-COLL-N,OBL-ORIGINATION-0017,ORIGINATION-0017-N,0,Owner Occupied,ORIGINATION-0017-COLL-O,0.4532,OBO-ORIGINATION-0017,328553.62,ORIGINATION-0017,Direct,2019-12-30,213800ABCDE123456701N202501,ERE Funding Limited,0,2019-12-30,NG1 5FS,0,2026-11-30,RBGL,725000,EQRE,,Y,Monthly,Quarterly,344981.3,ORIGINATION-0017,SYN-ORIGINATION-0017,84,GB,CNEO,514272.41,,TLF14,East Midlands,TLF14,TLF14,configured_nuts_classification_year,alp_origination,direct,ALP Origination Book,,,alp_origination
Active,0,Interest roll-up,0,,GBP,residential property,N,0,7.008,SONIA,1M,0,30.451399835049404,128857.23,423157,2026-05-31,Full survey,2026-05-31,2025-01-31,0,,0,Employed,GBP,2021,TLL52,15,0,12,FXRL,N,ORIGINATION-0018,2043-06-30,ORIGINATION-0018-COLL-N,OBL-ORIGINATION-0018,ORIGINATION-0018-N,0,Owner Occupied,ORIGINATION-0018-COLL-O,0.2117,OBO-ORIGINATION-0018,74107.65,ORIGINATION-0018,Direct,2018-06-30,213800ABCDE123456701N202501,ERE Funding Limited,0,2018-06-30,CF10 1EP,0,2026-11-30,RHOS,350000,RMRT,,Y,Monthly,Quarterly,77813.03,ORIGINATION-0018,SYN-ORIGINATION-0018,66,GB,CNEO,128857.23,,TLL52,Wales,TLL52,TLL52,configured_nuts_classification_year,alp_origination,direct,ALP Origination Book,,,alp_origination
Active,0,Interest roll-up,0,,GBP,residential property,N,0,8.078,SONIA,1M,0,45.96911280503119,265406.81,577359,2026-05-31,Full survey,2026-05-31,2025-01-31,0,,0,Self employed,GBP,2021,TLF14,15,0,12,FXRL,N,ORIGINATION-0019,2038-05-30,ORIGINATION-0019-COLL-N,OBL-ORIGINATION-0019,ORIGINATION-0019-N,0,Owner Occupied,ORIGINATION-0019-COLL-O,0.3275,OBO-ORIGINATION-0019,163728.22,ORIGINATION-0019,Direct,2020-05-30,213800ABCDE123456701N202501,ERE Funding Limited,0,2020-05-30,NG1 5FS,0,2026-11-30,RFLT,500000,RENV,,Y,Monthly,Quarterly,171914.63,ORIGINATION-0019,SYN-ORIGINATION-0019,77,GB,CNEO,265406.81,,TLF14,East Midlands,TLF14,TLF14,configured_nuts_classification_year,alp_origination,direct,ALP Origination Book,,,alp_origination
Active,0,Interest roll-up,0,,GBP,residential property,N,0,6.532,SONIA,1M,0,39.74593346208214,299447.85,753405,2026-05-31,Full survey,2026-05-31,2025-01-31,0,,0,Employed,GBP,2021,TLI35,15,0,12,FXRL,N,ORIGINATION-0020,2038-10-30,ORIGINATION-0020-COLL-N,OBL-ORIGINATION-0020,ORIGINATION-0020-N,0,Owner Occupied,ORIGINATION-0020-COLL-O,0.3291,OBO-ORIGINATION-0020,222153.55,ORIGINATION-0020,Direct,2021-10-30,213800ABCDE123456701N202501,ERE Funding Limited,0,2021-10-30,SW1A 1AA,0,2026-11-30,RHOS,675000,PURC,,Y,Monthly,Quarterly,233261.23,ORIGINATION-0020,SYN-ORIGINATION-0020,77,GB,CNEO,299447.85,,TLI35,London,TLI35,TLI35,configured_nuts_classification_year,alp_origination,direct,ALP Origination Book,,,alp_origination
Active,0,Interest roll-up,0,,GBP,residential property,N,0,6.451,SONIA,1M,0,35.11966222736923,181954.97,518100,2026-05-31,Full survey,2026-05-31,2025-01-31,0,,0,Retired,GBP,2021,TLD33,15,0,12,FXRL,N,ORIGINATION-0021,2034-12-30,ORIGINATION-0021-COLL-N,OBL-ORIGINATION-0021,ORIGINATION-0021-N,0,Owner Occupied,ORIGINATION-0021-COLL-O,0.2822,OBO-ORIGINATION-0021,128414.84,ORIGINATION-0021,Direct,2020-12-30,213800ABCDE123456701N202501,ERE Funding Limited,0,2020-12-30,M1 1AE,0,2026-11-30,RBGL,455000,RENV,,Y,Monthly,Quarterly,134835.58,ORIGINATION-0021,SYN-ORIGINATION-0021,70,GB,CNEO,181954.97,,TLD33,North West,TLD33,TLD33,configured_nuts_classification_year,alp_origination,direct,ALP Origination Book,,,alp_origination
Active,0,Interest roll-up,0,,GBP,residential property,N,0,6.64,SONIA,1M,0,30.481171836599437,274098.28,899238,2026-05-31,Full survey,2026-05-31,2025-01-31,0,,0,Retired,GBP,2021,TLG31,15,0,12,FXRL,N,ORIGINATION-0022,2038-09-30,ORIGINATION-0022-COLL-N,OBL-ORIGINATION-0022,ORIGINATION-0022-N,0,Owner Occupied,ORIGINATION-0022-COLL-O,0.2399,OBO-ORIGINATION-0022,188341.58,ORIGINATION-0022,Direct,2020-09-30,213800ABCDE123456701N202501,ERE Funding Limited,0,2020-09-30,B1 1AA,0,2026-11-30,RHOS,785000,EQRE,,Y,Monthly,Quarterly,197758.66,ORIGINATION-0022,SYN-ORIGINATION-0022,90,GB,CNEO,274098.28,,TLG31,West Midlands,TLG31,TLG31,configured_nuts_classification_year,alp_origination,direct,ALP Origination Book,,,alp_origination
Active,0,Interest roll-up,0,,GBP,residential property,N,0,6.438,SONIA,1M,0,54.21149349801597,137029.85,252769,2026-05-31,Full survey,2026-05-31,2025-01-31,0,,0,Employed,GBP,2021,TLD33,15,0,12,FXRL,N,ORIGINATION-0023,2036-08-30,ORIGINATION-0023-COLL-N,OBL-ORIGINATION-0023,ORIGINATION-0023-N,0,Owner Occupied,ORIGINATION-0023-COLL-O,0.4132,OBO-ORIGINATION-0023,88836.3,ORIGINATION-0023,Direct,2019-08-30,213800ABCDE123456701N202501,ERE Funding Limited,0,2019-08-30,M1 1AE,0,2026-11-30,RBGL,215000,EQRE,,Y,Monthly,Quarterly,93278.12,ORIGINATION-0023,SYN-ORIGINATION-0023,65,GB,CNEO,137029.85,,TLD33,North West,TLD33,TLD33,configured_nuts_classification_year,alp_origination,direct,ALP Origination Book,,,alp_origination
Active,0,Interest roll-up,0,,GBP,residential property,N,0,6.212,SONIA,1M,0,47.37774810104053,396631.82,837169,2026-05-31,Full survey,2026-05-31,2025-01-31,0,,0,Retired,GBP,2021,TLF14,15,0,12,FXRL,N,ORIGINATION-0024,2042-03-30,ORIGINATION-0024-COLL-N,OBL-ORIGINATION-0024,ORIGINATION-0024-N,0,Owner Occupied,ORIGINATION-0024-COLL-O,0.3609,OBO-ORIGINATION-0024,254414.15,ORIGINATION-0024,Direct,2019-03-30,213800ABCDE123456701N202501,ERE Funding Limited,0,2019-03-30,NG1 5FS,0,2026-11-30,RHOS,705000,RMRT,,Y,Monthly,Quarterly,267134.86,ORIGINATION-0024,SYN-ORIGINATION-0024,82,GB,CNEO,396631.82,,TLF14,East Midlands,TLF14,TLF14,configured_nuts_classification_year,alp_origination,direct,ALP Origination Book,,,alp_origination
Active,0,Interest roll-up,0,,GBP,residential property,N,0,8.679,SONIA,1M,0,45.98845993228833,123339.21,268196,2026-05-31,Full survey,2026-05-31,2025-01-31,0,,0,Retired,GBP,2021,TLF14,15,0,12,FXRL,N,ORIGINATION-0025,2049-11-30,ORIGINATION-0025-COLL-N,OBL-ORIGINATION-0025,ORIGINATION-0025-N,0,Owner Occupied,ORIGINATION-0025-COLL-O,0.4457,OBO-ORIGINATION-0025,118119.82,ORIGINATION-0025,Direct,2025-11-30,213800ABCDE123456701N202501,ERE Funding Limited,0,2025-11-30,NG1 5FS,0,2026-11-30,RBGL,265000,PURC,,Y,Monthly,Quarterly,124025.81,ORIGINATION-0025,SYN-ORIGINATION-0025,69,GB,CNEO,123339.21,,TLF14,East Midlands,TLF14,TLF14,configured_nuts_classification_year,alp_origination,direct,ALP Origination Book,,,alp_origination
Active,0,Interest roll-up,0,,GBP,residential property,N,0,8.634,SONIA,1M,0,61.63072859995581,591336.98,959484,2026-05-31,Full survey,2026-05-31,2025-01-31,0,,0,Retired,GBP,2021,TLJ16,15,0,12,FXRL,N,ORIGINATION-0026,2040-04-30,ORIGINATION-0026-COLL-N,OBL-ORIGINATION-0026,ORIGINATION-0026-N,0,Owner Occupied,ORIGINATION-0026-COLL-O,0.4784,OBO-ORIGINATION-0026,416169.78,ORIGINATION-0026,Direct,2022-04-30,213800ABCDE123456701N202501,ERE Funding Limited,0,2022-04-30,RG1 2DP,0,2026-11-30,RBGL,870000,PURC,,Y,Monthly,Quarterly,436978.27,ORIGINATION-0026,SYN-ORIGINATION-0026,85,GB,CNEO,591336.98,,TLJ16,South East,TLJ16,TLJ16,configured_nuts_classification_year,alp_origination,direct,ALP Origination Book,,,alp_origination
Active,0,Interest roll-up,0,,GBP,residential property,N,0,6.725,SONIA,1M,0,37.54031333975561,185101.9,493075,2026-05-31,Full survey,2026-05-31,2025-01-31,0,,0,Retired,GBP,2021,TLH42,15,0,12,FXRL,N,ORIGINATION-0027,2043-08-30,ORIGINATION-0027-COLL-N,OBL-ORIGINATION-0027,ORIGINATION-0027-N,0,Owner Occupied,ORIGINATION-0027-COLL-O,0.3059,OBO-ORIGINATION-0027,134607.18,ORIGINATION-0027,Direct,2021-08-30,213800ABCDE123456701N202501,ERE Funding Limited,0,2021-08-30,CB2 1TN,0,2026-11-30,RHOS,440000,RENV,,Y,Monthly,Quarterly,141337.54,ORIGINATION-0027,SYN-ORIGINATION-0027,63,GB,CNEO,185101.9,,TLH42,East of England,TLH42,TLH42,configured_nuts_classification_year,alp_origination,direct,ALP Origination Book,,,alp_origination
Active,0,Interest roll-up,0,,GBP,residential property,N,0,6.522,SONIA,1M,0,59.686666153050325,271153.54,454295,2026-05-31,Full survey,2026-05-31,2025-01-31,0,,0,Employed,GBP,2021,TLH42,15,0,12,FXRL,N,ORIGINATION-0028,2039-07-30,ORIGINATION-0028-COLL-N,OBL-ORIGINATION-0028,ORIGINATION-0028-N,0,Owner Occupied,ORIGINATION-0028-COLL-O,0.4697,OBO-ORIGINATION-0028,185539.05,ORIGINATION-0028,Direct,2020-07-30,213800ABCDE123456701N202501,ERE Funding Limited,0,2020-07-30,CB2 1TN,0,2026-11-30,RFLT,395000,RENV,,Y,Monthly,Quarterly,194816.0,ORIGINATION-0028,SYN-ORIGINATION-0028,69,GB,CNEO,271153.54,,TLH42,East of England,TLH42,TLH42,configured_nuts_classification_year,alp_origination,direct,ALP Origination Book,,,alp_origination
Active,0,Interest roll-up,0,,GBP,residential property,N,0,6.77,SONIA,1M,0,43.603326249878336,537594.13,1232920,2026-05-31,Full survey,2026-05-31,2025-01-31,0,,0,Employed,GBP,2021,TLE42,15,0,12,FXRL,N,ORIGINATION-0029,2043-11-30,ORIGINATION-0029-COLL-N,OBL-ORIGINATION-0029,ORIGINATION-0029-N,0,Owner Occupied,ORIGINATION-0029-COLL-O,0.3286,OBO-ORIGINATION-0029,346641.3,ORIGINATION-0029,Direct,2019-11-30,213800ABCDE123456701N202501,ERE Funding Limited,0,2019-11-30,LS1 4AP,0,2026-11-30,RFLT,1055000,RENV,,Y,Monthly,Quarterly,363973.36,ORIGINATION-0029,SYN-ORIGINATION-0029,71,GB,CNEO,537594.13,,TLE42,Yorkshire and The Humber,TLE42,TLE42,configured_nuts_classification_year,alp_origination,direct,ALP Origination Book,,,alp_origination
Active,0,Interest roll-up,0,,GBP,residential property,N,0,7.245,SONIA,1M,0,60.31827306933418,210322.58,348688,2026-05-31,Full survey,2026-05-31,2025-01-31,0,,0,Retired,GBP,2021,TLM13,15,0,12,FXRL,N,ORIGINATION-0030,2044-10-30,ORIGINATION-0030-COLL-N,OBL-ORIGINATION-0030,ORIGINATION-0030-N,0,Owner Occupied,ORIGINATION-0030-COLL-O,0.4607,OBO-ORIGINATION-0030,140519.49,ORIGINATION-0030,Direct,2020-10-30,213800ABCDE123456701N202501,ERE Funding Limited,0,2020-10-30,EH1 1YZ,0,2026-11-30,RFLT,305000,PURC,,Y,Monthly,Quarterly,147545.46,ORIGINATION-0030,SYN-ORIGINATION-0030,65,GB,CNEO,210322.58,,TLM13,Scotland,TLM13,TLM13,configured_nuts_classification_year,alp_origination,direct,ALP Origination Book,,,alp_origination
Active,0,Interest roll-up,0,,GBP,residential property,N,0,6.5,SONIA,1M,0,61.036275934373165,398210.43,652416,2026-05-31,Full survey,2026-05-31,2025-01-31,0,,0,Self employed,GBP,2021,TLI35,15,0,12,FXRL,N,ORIGINATION-0031,2035-05-30,ORIGINATION-0031-COLL-N,OBL-ORIGINATION-0031,ORIGINATION-0031-N,0,Owner Occupied,ORIGINATION-0031-COLL-O,0.4777,OBO-ORIGINATION-0031,269895.01,ORIGINATION-0031,Direct,2020-05-30,213800ABCDE123456701N202501,ERE Funding Limited,0,2020-05-30,SW1A 1AA,0,2026-11-30,RHOS,565000,RENV,,Y,Monthly,Quarterly,283389.76,ORIGINATION-0031,SYN-ORIGINATION-0031,74,GB,CNEO,398210.43,,TLI35,London,TLI35,TLI35,configured_nuts_classification_year,alp_origination,direct,ALP Origination Book,,,alp_origination
Active,0,Interest roll-up,0,,GBP,residential property,N,0,8.245,SONIA,1M,0,52.3931250612085,160495.86,306330,2026-05-31,Full survey,2026-05-31,2025-01-31,0,,0,Self employed,GBP,2021,TLD33,15,0,12,FXRL,N,ORIGINATION-0032,2047-11-30,ORIGINATION-0032-COLL-N,OBL-ORIGINATION-0032,ORIGINATION-0032-N,0,Owner Occupied,ORIGINATION-0032-COLL-O,0.4032,OBO-ORIGINATION-0032,110887.03,ORIGINATION-0032,Direct,2021-11-30,213800ABCDE123456701N202501,ERE Funding Limited,0,2021-11-30,M1 1AE,0,2026-11-30,RBGL,275000,EQRE,,Y,Monthly,Quarterly,116431.38,ORIGINATION-0032,SYN-ORIGINATION-0032,80,GB,CNEO,160495.86,,TLD33,North West,TLD33,TLD33,configured_nuts_classification_year,alp_origination,direct,ALP Origination Book,,,alp_origination
Active,0,Interest roll-up,0,,GBP,residential property,N,0,5.983,SONIA,1M,0,35.39882495890721,199853.27,564576,2026-05-31,Full survey,2026-05-31,2025-01-31,0,,0,Employed,GBP,2021,TLL52,15,0,12,FXRL,N,ORIGINATION-0033,2040-07-30,ORIGINATION-0033-COLL-N,OBL-ORIGINATION-0033,ORIGINATION-0033-N,0,Owner Occupied,ORIGINATION-0033-COLL-O,0.3087,OBO-ORIGINATION-0033,158984.22,ORIGINATION-0033,Direct,2022-07-30,213800ABCDE123456701N202501,ERE Funding Limited,0,2022-07-30,CF10 1EP,0,2026-11-30,RBGL,515000,EQRE,,Y,Monthly,Quarterly,166933.43,ORIGINATION-0033,SYN-ORIGINATION-0033,67,GB,CNEO,199853.27,,TLL52,Wales,TLL52,TLL52,configured_nuts_classification_year,alp_origination,direct,ALP Origination Book,,,alp_origination
Active,0,Interest roll-up,0,,GBP,residential property,N,0,6.042,SONIA,1M,0,37.93684214789346,187348.06,493842,2026-05-31,Full survey,2026-05-31,2025-01-31,0,,0,Self employed,GBP,2021,TLE42,15,0,12,FXRL,N,ORIGINATION-0034,2048-12-30,ORIGINATION-0034-COLL-N,OBL-ORIGINATION-0034,ORIGINATION-0034-N,0,Owner Occupied,ORIGINATION-0034-COLL-O,0.3351,OBO-ORIGINATION-0034,152482.7,ORIGINATION-0034,Direct,2022-12-30,213800ABCDE123456701N202501,ERE Funding Limited,0,2022-12-30,LS1 4AP,0,2026-11-30,RHOS,455000,EQRE,,Y,Monthly,Quarterly,160106.84,ORIGINATION-0034,SYN-ORIGINATION-0034,72,GB,CNEO,187348.06,,TLE42,Yorkshire and The Humber,TLE42,TLE42,configured_nuts_classification_year,alp_origination,direct,ALP Origination Book,,,alp_origination
Active,0,Interest roll-up,0,,GBP,residential property,N,0,8.064,SONIA,1M,0,54.60145146603863,301622.24,552407,2026-05-31,Full survey,2026-05-31,2025-01-31,0,,0,Retired,GBP,2021,TLK51,15,0,12,FXRL,N,ORIGINATION-0035,2039-05-30,ORIGINATION-0035-COLL-N,OBL-ORIGINATION-0035,ORIGINATION-0035-N,0,Owner Occupied,ORIGINATION-0035-COLL-O,0.4119,OBO-ORIGINATION-0035,201809.48,ORIGINATION-0035,Direct,2021-05-30,213800ABCDE123456701N202501,ERE Funding Limited,0,2021-05-30,BS1 5AH,0,2026-11-30,RBGL,490000,RENV,,Y,Monthly,Quarterly,211899.95,ORIGINATION-0035,SYN-ORIGINATION-0035,75,GB,CNEO,301622.24,,TLK51,South West,TLK51,TLK51,configured_nuts_classification_year,alp_origination,direct,ALP Origination Book,,,alp_origination
Active,0,Interest roll-up,0,,GBP,residential property,N,0,6.744,SONIA,1M,0,26.01105499677658,330038.15,1268838,2026-05-31,Full survey,2026-05-31,2025-01-31,0,,0,Retired,GBP,2021,TLM13,15,0,12,FXRL,N,ORIGINATION-0036,2036-07-30,ORIGINATION-0036-COLL-N,OBL-ORIGINATION-0036,ORIGINATION-0036-N,0,Owner Occupied,ORIGINATION-0036-COLL-O,0.211,OBO-ORIGINATION-0036,238450.27,ORIGINATION-0036,Direct,2021-07-30,213800ABCDE123456701N202501,ERE Funding Limited,0,2021-07-30,EH1 1YZ,0,2026-11-30,RHOS,1130000,RENV,,Y,Monthly,Quarterly,250372.78,ORIGINATION-0036,SYN-ORIGINATION-0036,73,GB,CNEO,330038.15,,TLM13,Scotland,TLM13,TLM13,configured_nuts_classification_year,alp_origination,direct,ALP Origination Book,,,alp_origination
Active,0,Interest roll-up,0,,GBP,residential property,N,0,6.625,SONIA,1M,0,46.535046941075905,246053.13,528748,2026-05-31,Full survey,2026-05-31,2025-01-31,0,,0,Employed,GBP,2021,TLG31,15,0,12,FXRL,N,ORIGINATION-0037,2046-06-30,ORIGINATION-0037-COLL-N,OBL-ORIGINATION-0037,ORIGINATION-0037-N,0,Owner Occupied,ORIGINATION-0037-COLL-O,0.4293,OBO-ORIGINATION-0037,216787.49,ORIGINATION-0037,Direct,2024-06-30,213800ABCDE123456701N202501,ERE Funding Limited,0,2024-06-30,B1 1AA,0,2026-11-30,RHOS,505000,RMRT,,Y,Monthly,Quarterly,227626.86,ORIGINATION-0037,SYN-ORIGINATION-0037,63,GB,CNEO,246053.13,,TLG31,West Midlands,TLG31,TLG31,configured_nuts_classification_year,alp_origination,direct,ALP Origination Book,,,alp_origination
Active,0,Interest roll-up,0,,GBP,residential property,N,0,7.005,SONIA,1M,0,49.52668338887842,717331.11,1448373,2026-05-31,Full survey,2026-05-31,2025-01-31,0,,0,Retired,GBP,2021,TLE42,15,0,12,FXRL,N,ORIGINATION-0038,2033-11-30,ORIGINATION-0038-COLL-N,OBL-ORIGINATION-0038,ORIGINATION-0038-N,0,Owner Occupied,ORIGINATION-0038-COLL-O,0.3511,OBO-ORIGINATION-0038,424830.4,ORIGINATION-0038,Direct,2018-11-30,213800ABCDE123456701N202501,ERE Funding Limited,0,2018-11-30,LS1 4AP,0,2026-11-30,RHOS,1210000,PURC,,Y,Monthly,Quarterly,446071.92,ORIGINATION-0038,SYN-ORIGINATION-0038,83,GB,CNEO,717331.11,,TLE42,Yorkshire and The Humber,TLE42,TLE42,configured_nuts_classification_year,alp_origination,direct,ALP Origination Book,,,alp_origination
Active,0,Interest roll-up,0,,GBP,residential property,N,0,6.835,SONIA,1M,0,24.84438243808842,73546.08,296027,2026-05-31,Full survey,2026-05-31,2025-01-31,0,,0,Retired,GBP,2021,TLI35,15,0,12,FXRL,N,ORIGINATION-0039,2050-10-30,ORIGINATION-0039-COLL-N,OBL-ORIGINATION-0039,ORIGINATION-0039-N,0,Owner Occupied,ORIGINATION-0039-COLL-O,0.2317,OBO-ORIGINATION-0039,66022.68,ORIGINATION-0039,Direct,2024-10-30,213800ABCDE123456701N202501,ERE Funding Limited,0,2024-10-30,SW1A 1AA,0,2026-11-30,RFLT,285000,EQRE,,Y,Monthly,Quarterly,69323.81,ORIGINATION-0039,SYN-ORIGINATION-0039,77,GB,CNEO,73546.08,,TLI35,London,TLI35,TLI35,configured_nuts_classification_year,alp_origination,direct,ALP Origination Book,,,alp_origination
Active,0,Interest roll-up,0,,GBP,residential property,N,0,8.472,SONIA,1M,0,34.08936117806435,96880.26,284195,2026-05-31,Full survey,2026-05-31,2025-01-31,0,,0,Retired,GBP,2021,TLM13,15,0,12,FXRL,N,ORIGINATION-0040,2038-06-30,ORIGINATION-0040-COLL-N,OBL-ORIGINATION-0040,ORIGINATION-0040-N,0,Owner Occupied,ORIGINATION-0040-COLL-O,0.2858,OBO-ORIGINATION-0040,75735.27,ORIGINATION-0040,Direct,2023-06-30,213800ABCDE123456701N202501,ERE Funding Limited,0,2023-06-30,EH1 1YZ,0,2026-11-30,RHOS,265000,EQRE,,Y,Monthly,Quarterly,79522.03,ORIGINATION-0040,SYN-ORIGINATION-0040,66,GB,CNEO,96880.26,,TLM13,Scotland,TLM13,TLM13,configured_nuts_classification_year,alp_origination,direct,ALP Origination Book,,,alp_origination
Active,0,Interest roll-up,0,,GBP,residential property,N,0,7.159,SONIA,1M,0,49.88630911937452,470631.93,943409,2026-05-31,Full survey,2026-05-31,2025-01-31,0,,0,Retired,GBP,2021,TLL52,15,0,12,FXRL,N,ORIGINATION-0041,2032-09-30,ORIGINATION-0041-COLL-N,OBL-ORIGINATION-0041,ORIGINATION-0041-N,0,Owner Occupied,ORIGINATION-0041-COLL-O,0.3469,OBO-ORIGINATION-0041,272285.29,ORIGINATION-0041,Direct,2018-09-30,213800ABCDE123456701N202501,ERE Funding Limited,0,2018-09-30,CF10 1EP,0,2026-11-30,RHOS,785000,EQRE,,Y,Monthly,Quarterly,285899.55,ORIGINATION-0041,SYN-ORIGINATION-0041,78,GB,CNEO,470631.93,,TLL52,Wales,TLL52,TLL52,configured_nuts_classification_year,alp_origination,direct,ALP Origination Book,,,alp_origination
Active,0,Interest roll-up,0,,GBP,residential property,N,0,6.38,SONIA,1M,0,39.17641399787697,311119.1,794149,2026-05-31,Full survey,2026-05-31,2025-01-31,0,,0,Self employed,GBP,2021,TLI35,15,0,12,FXRL,N,ORIGINATION-0042,2044-03-30,ORIGINATION-0042-COLL-N,OBL-ORIGINATION-0042,ORIGINATION-0042-N,0,Owner Occupied,ORIGINATION-0042-COLL-O,0.3068,OBO-ORIGINATION-0042,210142.24,ORIGINATION-0042,Direct,2020-03-30,213800ABCDE123456701N202501,ERE Funding Limited,0,2020-03-30,SW1A 1AA,0,2026-11-30,RHOS,685000,EQRE,,Y,Monthly,Quarterly,220649.35,ORIGINATION-0042,SYN-ORIGINATION-0042,80,GB,CNEO,311119.1,,TLI35,London,TLI35,TLI35,configured_nuts_classification_year,alp_origination,direct,ALP Origination Book,,,alp_origination
Active,0,Interest roll-up,0,,GBP,residential property,N,0,8.299,SONIA,1M,0,70.64586222700834,947957.97,1341845,2026-05-31,Full survey,2026-05-31,2025-01-31,0,,0,Self employed,GBP,2021,TLF14,15,0,12,FXRL,N,ORIGINATION-0043,2033-03-30,ORIGINATION-0043-COLL-N,OBL-ORIGINATION-0043,ORIGINATION-0043-N,0,Owner Occupied,ORIGINATION-0043-COLL-O,0.4638,OBO-ORIGINATION-0043,524054.51,ORIGINATION-0043,Direct,2019-03-30,213800ABCDE123456701N202501,ERE Funding Limited,0,2019-03-30,NG1 5FS,0,2026-11-30,RHOS,1130000,RMRT,,Y,Monthly,Quarterly,550257.24,ORIGINATION-0043,SYN-ORIGINATION-0043,79,GB,CNEO,947957.97,,TLF14,East Midlands,TLF14,TLF14,configured_nuts_classification_year,alp_origination,direct,ALP Origination Book,,,alp_origination
Active,0,Interest roll-up,0,,GBP,residential property,N,0,5.893,SONIA,1M,0,38.241196680774166,193001.79,504696,2026-05-31,Full survey,2026-05-31,2025-01-31,0,,0,Retired,GBP,2021,TLJ16,15,0,12,FXRL,N,ORIGINATION-0044,2044-12-30,ORIGINATION-0044-COLL-N,OBL-ORIGINATION-0044,ORIGINATION-0044-N,0,Owner Occupied,ORIGINATION-0044-COLL-O,0.3395,OBO-ORIGINATION-0044,157882.02,ORIGINATION-0044,Direct,2022-12-30,213800ABCDE123456701N202501,ERE Funding Limited,0,2022-12-30,RG1 2DP,0,2026-11-30,RFLT,465000,RENV,,Y,Monthly,Quarterly,165776.12,ORIGINATION-0044,SYN-ORIGINATION-0044,73,GB,CNEO,193001.79,,TLJ16,South East,TLJ16,TLJ16,configured_nuts_classification_year,alp_origination,direct,ALP Origination Book,,,alp_origination
Active,0,Interest roll-up,0,,GBP,residential property,N,0,7.347,SONIA,1M,0,38.529109333193986,471896.44,1224779,2026-05-31,Full survey,2026-05-31,2025-01-31,0,,0,Employed,GBP,2021,TLI35,15,0,12,FXRL,N,ACQUIRED-0001,2037-06-30,ACQUIRED-0001-COLL-N,OBL-ACQUIRED-0001,ACQUIRED-0001-N,0,Owner Occupied,ACQUIRED-0001-COLL-O,0.3177,OBO-ACQUIRED-0001,354206.25,ACQUIRED-0001,Broker,2022-06-30,213800ABCDE123456701N202501,ERE Funding Limited,0,2024-09-30,SW1A 1AA,0,2026-11-30,RHOS,1115000,RMRT,,Y,Monthly,Quarterly,371916.56,ACQUIRED-0001,SYN-ACQUIRED-0001,67,GB,CNEO,471896.44,,TLI35,London,TLI35,TLI35,configured_nuts_classification_year,alp_acquired,acquired,ALP Acquired Back Book,2024-09-30,,alp_acquired
Active,0,Interest roll-up,0,,GBP,residential property,N,0,7.318,SONIA,1M,0,30.119789468672426,139174.21,462069,2026-05-31,Full survey,2026-05-31,2025-01-31,0,,0,Retired,GBP,2021,TLE42,15,0,12,FXRL,N,ACQUIRED-0002,2046-05-30,ACQUIRED-0002-COLL-N,OBL-ACQUIRED-0002,ACQUIRED-0002-N,0,Owner Occupied,ACQUIRED-0002-COLL-O,0.26,OBO-ACQUIRED-0002,111815.83,ACQUIRED-0002,Broker,2023-05-30,213800ABCDE123456701N202501,ERE Funding Limited,0,2024-09-30,LS1 4AP,0,2026-11-30,RBGL,430000,PURC,,Y,Monthly,Quarterly,117406.62,ACQUIRED-0002,SYN-ACQUIRED-0002,64,GB,CNEO,139174.21,,TLE42,Yorkshire and The Humber,TLE42,TLE42,configured_nuts_classification_year,alp_acquired,acquired,ALP Acquired Back Book,2024-09-30,,alp_acquired
Active,0,Interest roll-up,0,,GBP,residential property,N,0,6.453,SONIA,1M,0,47.31710592663968,284327.07,600897,2026-05-31,Full survey,2026-05-31,2025-01-31,0,,0,Employed,GBP,2021,TLD33,15,0,12,FXRL,N,ACQUIRED-0003,2036-09-30,ACQUIRED-0003-COLL-N,OBL-ACQUIRED-0003,ACQUIRED-0003-N,0,Owner Occupied,ACQUIRED-0003-COLL-O,0.3472,OBO-ACQUIRED-0003,173594.25,ACQUIRED-0003,Broker,2018-09-30,213800ABCDE123456701N202501,ERE Funding Limited,0,2024-09-30,M1 1AE,0,2026-11-30,RFLT,500000,RMRT,,Y,Monthly,Quarterly,182273.96,ACQUIRED-0003,SYN-ACQUIRED-0003,70,GB,CNEO,284327.07,,TLD33,North West,TLD33,TLD33,configured_nuts_classification_year,alp_acquired,acquired,ALP Acquired Back Book,2024-09-30,,alp_acquired
Active,0,Interest roll-up,0,,GBP,residential property,N,0,7.965,SONIA,1M,0,39.78239880466437,522384.27,1313104,2026-05-31,Full survey,2026-05-31,2025-01-31,0,,0,Retired,GBP,2021,TLH42,15,0,12,FXRL,N,ACQUIRED-0004,2039-10-30,ACQUIRED-0004-COLL-N,OBL-ACQUIRED-0004,ACQUIRED-0004-N,0,Owner Occupied,ACQUIRED-0004-COLL-O,0.3262,OBO-ACQUIRED-0004,393048.89,ACQUIRED-0004,Broker,2022-10-30,213800ABCDE123456701N202501,ERE Funding Limited,0,2024-09-30,CB2 1TN,0,2026-11-30,RHOS,1205000,RENV,,Y,Monthly,Quarterly,412701.33,ACQUIRED-0004,SYN-ACQUIRED-0004,65,GB,CNEO,522384.27,,TLH42,East of England,TLH42,TLH42,configured_nuts_classification_year,alp_acquired,acquired,ALP Acquired Back Book,2024-09-30,,alp_acquired
Active,0,Interest roll-up,0,,GBP,residential property,N,0,8.323,SONIA,1M,0,33.493697166943385,101472.17,302959,2026-05-31,Full survey,2026-05-31,2025-01-31,0,,0,Retired,GBP,2021,TLI35,15,0,12,FXRL,N,ACQUIRED-0005,2039-10-30,ACQUIRED-0005-COLL-N,OBL-ACQUIRED-0005,ACQUIRED-0005-N,0,Owner Occupied,ACQUIRED-0005-COLL-O,0.241,OBO-ACQUIRED-0005,63859.66,ACQUIRED-0005,Broker,2020-10-30,213800ABCDE123456701N202501,ERE Funding Limited,0,2024-09-30,SW1A 1AA,0,2026-11-30,RHOS,265000,RENV,,Y,Monthly,Quarterly,67052.64,ACQUIRED-0005,SYN-ACQUIRED-0005,82,GB,CNEO,101472.17,,TLI35,London,TLI35,TLI35,configured_nuts_classification_year,alp_acquired,acquired,ALP Acquired Back Book,2024-09-30,,alp_acquired
Active,0,Interest roll-up,0,,GBP,residential property,N,0,8.556,SONIA,1M,0,23.25792179069105,205692.13,884396,2026-05-31,Full survey,2026-05-31,2025-01-31,0,,0,Self employed,GBP,2021,TLE42,15,0,12,FXRL,N,ACQUIRED-0006,2039-03-30,ACQUIRED-0006-COLL-N,OBL-ACQUIRED-0006,ACQUIRED-0006-N,0,Owner Occupied,ACQUIRED-0006-COLL-O,0.2165,OBO-ACQUIRED-0006,186217.38,ACQUIRED-0006,Broker,2025-03-30,213800ABCDE123456701N202501,ERE Funding Limited,0,2024-09-30,LS1 4AP,0,2026-11-30,RBGL,860000,RMRT,,Y,Monthly,Quarterly,195528.25,ACQUIRED-0006,SYN-ACQUIRED-0006,73,GB,CNEO,205692.13,,TLE42,Yorkshire and The Humber,TLE42,TLE42,configured_nuts_classification_year,alp_acquired,acquired,ALP Acquired Back Book,2024-09-30,,alp_acquired
Active,0,Interest roll-up,0,,GBP,residential property,N,0,7.131,SONIA,1M,0,48.817400132829604,538047.81,1102164,2026-05-31,Full survey,2026-05-31,2025-01-31,0,,0,Retired,GBP,2021,TLF14,15,0,12,FXRL,N,ACQUIRED-0007,2039-12-30,ACQUIRED-0007-COLL-N,OBL-ACQUIRED-0007,ACQUIRED-0007-N,0,Owner Occupied,ACQUIRED-0007-COLL-O,0.3608,OBO-ACQUIRED-0007,340947.71,ACQUIRED-0007,Broker,2019-12-30,213800ABCDE123456701N202501,ERE Funding Limited,0,2024-09-30,NG1 5FS,0,2026-11-30,RHOS,945000,RENV,,Y,Monthly,Quarterly,357995.1,ACQUIRED-0007,SYN-ACQUIRED-0007,91,GB,CNEO,538047.81,,TLF14,East Midlands,TLF14,TLF14,configured_nuts_classification_year,alp_acquired,acquired,ALP Acquired Back Book,2024-09-30,,alp_acquired
Active,0,Interest roll-up,0,,GBP,residential property,N,0,6.977,SONIA,1M,0,26.246631432820205,318580.3,1213795,2026-05-31,Full survey,2026-05-31,2025-01-31,0,,0,Retired,GBP,2021,TLE42,15,0,12,FXRL,N,ACQUIRED-0008,2044-06-30,ACQUIRED-0008-COLL-N,OBL-ACQUIRED-0008,ACQUIRED-0008-N,0,Owner Occupied,ACQUIRED-0008-COLL-O,0.2195,OBO-ACQUIRED-0008,242596.62,ACQUIRED-0008,Broker,2022-06-30,213800ABCDE123456701N202501,ERE Funding Limited,0,2024-09-30,LS1 4AP,0,2026-11-30,RBGL,1105000,RENV,,Y,Monthly,Quarterly,254726.45,ACQUIRED-0008,SYN-ACQUIRED-0008,63,GB,CNEO,318580.3,,TLE42,Yorkshire and The Humber,TLE42,TLE42,configured_nuts_classification_year,alp_acquired,acquired,ALP Acquired Back Book,2024-09-30,,alp_acquired
Active,0,Interest roll-up,0,,GBP,residential property,N,0,8.26,SONIA,1M,0,53.68052940089557,273086.81,508726,2026-05-31,Full survey,2026-05-31,2025-01-31,0,,0,Retired,GBP,2021,TLF14,15,0,12,FXRL,N,ACQUIRED-0009,2039-11-30,ACQUIRED-0009-COLL-N,OBL-ACQUIRED-0009,ACQUIRED-0009-N,0,Owner Occupied,ACQUIRED-0009-COLL-O,0.3466,OBO-ACQUIRED-0009,147291.28,ACQUIRED-0009,Broker,2018-11-30,213800ABCDE123456701N202501,ERE Funding Limited,0,2024-09-30,NG1 5FS,0,2026-11-30,RHOS,425000,RMRT,,Y,Monthly,Quarterly,154655.84,ACQUIRED-0009,SYN-ACQUIRED-0009,75,GB,CNEO,273086.81,,TLF14,East Midlands,TLF14,TLF14,configured_nuts_classification_year,alp_acquired,acquired,ALP Acquired Back Book,2024-09-30,,alp_acquired
Active,0,Interest roll-up,0,,GBP,residential property,N,0,8.144,SONIA,1M,0,27.890447829278166,325271.79,1166248,2026-05-31,Full survey,2026-05-31,2025-01-31,0,,0,Retired,GBP,2021,TLF14,15,0,12,FXRL,N,ACQUIRED-0010,2041-02-28,ACQUIRED-0010-COLL-N,OBL-ACQUIRED-0010,ACQUIRED-0010-N,0,Owner Occupied,ACQUIRED-0010-COLL-O,0.2452,OBO-ACQUIRED-0010,270978.67,ACQUIRED-0010,Broker,2024-02-29,213800ABCDE123456701N202501,ERE Funding Limited,0,2024-09-30,NG1 5FS,0,2026-11-30,RFLT,1105000,RENV,,Y,Monthly,Quarterly,284527.6,ACQUIRED-0010,SYN-ACQUIRED-0010,86,GB,CNEO,325271.79,,TLF14,East Midlands,TLF14,TLF14,configured_nuts_classification_year,alp_acquired,acquired,ALP Acquired Back Book,2024-09-30,,alp_acquired
Active,0,Interest roll-up,0,,GBP,residential property,N,0,8.822,SONIA,1M,0,54.57835403319136,457459.39,838170,2026-05-31,Full survey,2026-05-31,2025-01-31,0,,0,Retired,GBP,2021,TLJ16,15,0,12,FXRL,N,ACQUIRED-0011,2036-04-30,ACQUIRED-0011-COLL-N,OBL-ACQUIRED-0011,ACQUIRED-0011-N,0,Owner Occupied,ACQUIRED-0011-COLL-O,0.4204,OBO-ACQUIRED-0011,319505.39,ACQUIRED-0011,Broker,2022-04-30,213800ABCDE123456701N202501,ERE Funding Limited,0,2024-09-30,RG1 2DP,0,2026-11-30,RHOS,760000,RMRT,,Y,Monthly,Quarterly,335480.66,ACQUIRED-0011,SYN-ACQUIRED-0011,73,GB,CNEO,457459.39,,TLJ16,South East,TLJ16,TLJ16,configured_nuts_classification_year,alp_acquired,acquired,ALP Acquired Back Book,2024-09-30,,alp_acquired
Active,0,Interest roll-up,0,,GBP,residential property,N,0,8.862,SONIA,1M,0,43.38881613445867,477430.14,1100353,2026-05-31,Full survey,2026-05-31,2025-01-31,0,,0,Retired,GBP,2021,TLJ16,15,0,12,FXRL,N,ACQUIRED-0012,2045-03-30,ACQUIRED-0012-COLL-N,OBL-ACQUIRED-0012,ACQUIRED-0012-N,0,Owner Occupied,ACQUIRED-0012-COLL-O,0.4025,OBO-ACQUIRED-0012,430698.26,ACQUIRED-0012,Broker,2025-03-30,213800ABCDE123456701N202501,ERE Funding Limited,0,2024-09-30,RG1 2DP,0,2026-11-30,RHOS,1070000,EQRE,,Y,Monthly,Quarterly,452233.17,ACQUIRED-0012,SYN-ACQUIRED-0012,72,GB,CNEO,477430.14,,TLJ16,South East,TLJ16,TLJ16,configured_nuts_classification_year,alp_acquired,acquired,ALP Acquired Back Book,2024-09-30,,alp_acquired
Active,0,Interest roll-up,0,,GBP,residential property,N,0,7.891,SONIA,1M,0,34.40886409896646,139295.34,404824,2026-05-31,Full survey,2026-05-31,2025-01-31,0,,0,Retired,GBP,2021,TLM13,15,0,12,FXRL,N,ACQUIRED-0013,2048-11-30,ACQUIRED-0013-COLL-N,OBL-ACQUIRED-0013,ACQUIRED-0013-N,0,Owner Occupied,ACQUIRED-0013-COLL-O,0.3348,OBO-ACQUIRED-0013,133923.75,ACQUIRED-0013,Broker,2025-11-30,213800ABCDE123456701N202501,ERE Funding Limited,0,2024-09-30,EH1 1YZ,0,2026-11-30,RHOS,400000,RMRT,,Y,Monthly,Quarterly,140619.94,ACQUIRED-0013,SYN-ACQUIRED-0013,60,GB,CNEO,139295.34,,TLM13,Scotland,TLM13,TLM13,configured_nuts_classification_year,alp_acquired,acquired,ALP Acquired Back Book,2024-09-30,,alp_acquired
Active,0,Interest roll-up,0,,GBP,residential property,N,0,8.188,SONIA,1M,0,49.22112750110309,372587.2,756966,2026-05-31,Full survey,2026-05-31,2025-01-31,0,,0,Retired,GBP,2021,TLJ16,15,0,12,FXRL,N,ACQUIRED-0014,2037-03-30,ACQUIRED-0014-COLL-N,OBL-ACQUIRED-0014,ACQUIRED-0014-N,0,Owner Occupied,ACQUIRED-0014-COLL-O,0.3871,OBO-ACQUIRED-0014,265194.39,ACQUIRED-0014,Broker,2022-03-30,213800ABCDE123456701N202501,ERE Funding Limited,0,2024-09-30,RG1 2DP,0,2026-11-30,RHOS,685000,RMRT,,Y,Monthly,Quarterly,278454.11,ACQUIRED-0014,SYN-ACQUIRED-0014,78,GB,CNEO,372587.2,,TLJ16,South East,TLJ16,TLJ16,configured_nuts_classification_year,alp_acquired,acquired,ALP Acquired Back Book,2024-09-30,,alp_acquired
Active,0,Interest roll-up,0,,GBP,residential property,N,0,6.095,SONIA,1M,0,60.079446068837505,559307.2,930946,2026-05-31,Full survey,2026-05-31,2025-01-31,0,,0,Retired,GBP,2021,TLL52,15,0,12,FXRL,N,ACQUIRED-0015,2037-06-30,ACQUIRED-0015-COLL-N,OBL-ACQUIRED-0015,ACQUIRED-0015-N,0,Owner Occupied,ACQUIRED-0015-COLL-O,0.4489,OBO-ACQUIRED-0015,345640.53,ACQUIRED-0015,Broker,2018-06-30,213800ABCDE123456701N202501,ERE Funding Limited,0,2024-09-30,CF10 1EP,0,2026-11-30,RFLT,770000,PURC,,Y,Monthly,Quarterly,362922.56,ACQUIRED-0015,SYN-ACQUIRED-0015,75,GB,CNEO,559307.2,,TLL52,Wales,TLL52,TLL52,configured_nuts_classification_year,alp_acquired,acquired,ALP Acquired Back Book,2024-09-30,,alp_acquired
Active,0,Interest roll-up,0,,GBP,residential property,N,0,6.585,SONIA,1M,0,40.90320609650537,289197.12,707028,2026-05-31,Full survey,2026-05-31,2025-01-31,0,,0,Retired,GBP,2021,TLI35,15,0,12,FXRL,N,ACQUIRED-0016,2040-12-30,ACQUIRED-0016-COLL-N,OBL-ACQUIRED-0016,ACQUIRED-0016-N,0,Owner Occupied,ACQUIRED-0016-COLL-O,0.402,OBO-ACQUIRED-0016,281391.25,ACQUIRED-0016,Broker,2025-12-30,213800ABCDE123456701N202501,ERE Funding Limited,0,2024-09-30,SW1A 1AA,0,2026-11-30,RHOS,700000,PURC,,Y,Monthly,Quarterly,295460.81,ACQUIRED-0016,SYN-ACQUIRED-0016,85,GB,CNEO,289197.12,,TLI35,London,TLI35,TLI35,configured_nuts_classification_year,alp_acquired,acquired,ALP Acquired Back Book,2024-09-30,,alp_acquired
Active,0,Interest roll-up,0,,GBP,residential property,N,0,8.074,SONIA,1M,0,29.347979493645067,158286.86,539345,2026-05-31,Full survey,2026-05-31,2025-01-31,0,,0,Retired,GBP,2021,TLD33,15,0,12,FXRL,N,ACQUIRED-0017,2041-01-30,ACQUIRED-0017-COLL-N,OBL-ACQUIRED-0017,ACQUIRED-0017-N,0,Owner Occupied,ACQUIRED-0017-COLL-O,0.2572,OBO-ACQUIRED-0017,131189.99,ACQUIRED-0017,Broker,2024-01-30,213800ABCDE123456701N202501,ERE Funding Limited,0,2024-09-30,M1 1AE,0,2026-11-30,RHOS,510000,RMRT,,Y,Monthly,Quarterly,137749.49,ACQUIRED-0017,SYN-ACQUIRED-0017,76,GB,CNEO,158286.86,,TLD33,North West,TLD33,TLD33,configured_nuts_classification_year,alp_acquired,acquired,ALP Acquired Back Book,2024-09-30,,alp_acquired
Active,0,Interest roll-up,0,,GBP,residential property,N,0,7.757,SONIA,1M,0,58.427927020316986,838041.69,1434317,2026-05-31,Full survey,2026-05-31,2025-01-31,0,,0,Employed,GBP,2021,TLM13,15,0,12,FXRL,N,ACQUIRED-0018,2042-08-30,ACQUIRED-0018-COLL-N,OBL-ACQUIRED-0018,ACQUIRED-0018-N,0,Owner Occupied,ACQUIRED-0018-COLL-O,0.4076,OBO-ACQUIRED-0018,497281.07,ACQUIRED-0018,Broker,2019-08-30,213800ABCDE123456701N202501,ERE Funding Limited,0,2024-09-30,EH1 1YZ,0,2026-11-30,RFLT,1220000,RENV,,Y,Monthly,Quarterly,522145.12,ACQUIRED-0018,SYN-ACQUIRED-0018,66,GB,CNEO,838041.69,,TLM13,Scotland,TLM13,TLM13,configured_nuts_classification_year,alp_acquired,acquired,ALP Acquired Back Book,2024-09-30,,alp_acquired
Active,0,Interest roll-up,0,,GBP,residential property,N,0,7.55,SONIA,1M,0,41.61240127302197,435925.69,1047586,2026-05-31,Full survey,2026-05-31,2025-01-31,0,,0,Retired,GBP,2021,TLI35,15,0,12,FXRL,N,ACQUIRED-0019,2038-12-30,ACQUIRED-0019-COLL-N,OBL-ACQUIRED-0019,ACQUIRED-0019-N,0,Owner Occupied,ACQUIRED-0019-COLL-O,0.3152,OBO-ACQUIRED-0019,289974.97,ACQUIRED-0019,Broker,2020-12-30,213800ABCDE123456701N202501,ERE Funding Limited,0,2024-09-30,SW1A 1AA,0,2026-11-30,RFLT,920000,RENV,,Y,Monthly,Quarterly,304473.72,ACQUIRED-0019,SYN-ACQUIRED-0019,77,GB,CNEO,435925.69,,TLI35,London,TLI35,TLI35,configured_nuts_classification_year,alp_acquired,acquired,ALP Acquired Back Book,2024-09-30,,alp_acquired
Active,0,Interest roll-up,0,,GBP,residential property,N,0,7.305,SONIA,1M,0,52.042686582076136,125014.86,240216,2026-05-31,Full survey,2026-05-31,2025-01-31,0,,0,Retired,GBP,2021,TLM13,15,0,12,FXRL,N,ACQUIRED-0020,2048-09-30,ACQUIRED-0020-COLL-N,OBL-ACQUIRED-0020,ACQUIRED-0020-N,0,Owner Occupied,ACQUIRED-0020-COLL-O,0.4351,OBO-ACQUIRED-0020,95716.87,ACQUIRED-0020,Broker,2022-09-30,213800ABCDE123456701N202501,ERE Funding Limited,0,2024-09-30,EH1 1YZ,0,2026-11-30,RBGL,220000,EQRE,,Y,Monthly,Quarterly,100502.71,ACQUIRED-0020,SYN-ACQUIRED-0020,74,GB,CNEO,125014.86,,TLM13,Scotland,TLM13,TLM13,configured_nuts_classification_year,alp_acquired,acquired,ALP Acquired Back Book,2024-09-30,,alp_acquired
Active,0,Interest roll-up,0,,GBP,residential property,N,0,8.786,SONIA,1M,0,27.109487913915288,325396.81,1200306,2026-05-31,Full survey,2026-05-31,2025-01-31,0,,0,Retired,GBP,2021,TLF14,15,0,12,FXRL,N,ACQUIRED-0021,2041-01-30,ACQUIRED-0021-COLL-N,OBL-ACQUIRED-0021,ACQUIRED-0021-N,0,Owner Occupied,ACQUIRED-0021-COLL-O,0.2337,OBO-ACQUIRED-0021,265279.92,ACQUIRED-0021,Broker,2024-01-30,213800ABCDE123456701N202501,ERE Funding Limited,0,2024-09-30,NG1 5FS,0,2026-11-30,RHOS,1135000,RENV,,Y,Monthly,Quarterly,278543.92,ACQUIRED-0021,SYN-ACQUIRED-0021,62,GB,CNEO,325396.81,,TLF14,East Midlands,TLF14,TLF14,configured_nuts_classification_year,alp_acquired,acquired,ALP Acquired Back Book,2024-09-30,,alp_acquired
Active,0,Interest roll-up,0,,GBP,residential property,N,0,8.746,SONIA,1M,0,60.9391754199493,790055.69,1296466,2026-05-31,Full survey,2026-05-31,2025-01-31,0,,0,Employed,GBP,2021,TLI35,15,0,12,FXRL,N,ACQUIRED-0022,2045-05-30,ACQUIRED-0022-COLL-N,OBL-ACQUIRED-0022,ACQUIRED-0022-N,0,Owner Occupied,ACQUIRED-0022-COLL-O,0.4444,OBO-ACQUIRED-0022,511010.09,ACQUIRED-0022,Broker,2021-05-30,213800ABCDE123456701N202501,ERE Funding Limited,0,2024-09-30,SW1A 1AA,0,2026-11-30,RHOS,1150000,PURC,,Y,Monthly,Quarterly,536560.59,ACQUIRED-0022,SYN-ACQUIRED-0022,86,GB,CNEO,790055.69,,TLI35,London,TLI35,TLI35,configured_nuts_classification_year,alp_acquired,acquired,ALP Acquired Back Book,2024-09-30,,alp_acquired
Active,0,Interest roll-up,0,,GBP,residential property,N,0,7.148,SONIA,1M,0,59.31503067195612,440628.23,742861,2026-05-31,Full survey,2026-05-31,2025-01-31,0,,0,Retired,GBP,2021,TLF14,15,0,12,FXRL,N,ACQUIRED-0023,2047-02-28,ACQUIRED-0023-COLL-N,OBL-ACQUIRED-0023,ACQUIRED-0023-N,0,Owner Occupied,ACQUIRED-0023-COLL-O,0.4627,OBO-ACQUIRED-0023,303094.54,ACQUIRED-0023,Broker,2021-02-28,213800ABCDE123456701N202501,ERE Funding Limited,0,2024-09-30,NG1 5FS,0,2026-11-30,RHOS,655000,RMRT,,Y,Monthly,Quarterly,318249.27,ACQUIRED-0023,SYN-ACQUIRED-0023,63,GB,CNEO,440628.23,,TLF14,East Midlands,TLF14,TLF14,configured_nuts_classification_year,alp_acquired,acquired,ALP Acquired Back Book,2024-09-30,,alp_acquired
Active,0,Interest roll-up,0,,GBP,residential property,N,0,6.245,SONIA,1M,0,54.12501611770942,226672.32,418794,2026-05-31,Full survey,2026-05-31,2025-01-31,0,,0,Employed,GBP,2021,TLM13,15,0,12,FXRL,N,ACQUIRED-0024,2046-03-30,ACQUIRED-0024-COLL-N,OBL-ACQUIRED-0024,ACQUIRED-0024-N,0,Owner Occupied,ACQUIRED-0024-COLL-O,0.444,OBO-ACQUIRED-0024,164298.32,ACQUIRED-0024,Broker,2021-03-30,213800ABCDE123456701N202501,ERE Funding Limited,0,2024-09-30,EH1 1YZ,0,2026-11-30,RFLT,370000,RENV,,Y,Monthly,Quarterly,172513.24,ACQUIRED-0024,SYN-ACQUIRED-0024,76,GB,CNEO,226672.32,,TLM13,Scotland,TLM13,TLM13,configured_nuts_classification_year,alp_acquired,acquired,ALP Acquired Back Book,2024-09-30,,alp_acquired
Active,0,Interest roll-up,0,,GBP,residential property,N,0,8.716,SONIA,1M,0,48.404719957389275,602521.14,1244757,2026-05-31,Full survey,2026-05-31,2025-01-31,0,,0,Self employed,GBP,2021,TLK51,15,0,12,FXRL,N,ACQUIRED-0025,2037-09-30,ACQUIRED-0025-COLL-N,OBL-ACQUIRED-0025,ACQUIRED-0025-N,0,Owner Occupied,ACQUIRED-0025-COLL-O,0.3844,OBO-ACQUIRED-0025,438206.88,ACQUIRED-0025,Broker,2022-09-30,213800ABCDE123456701N202501,ERE Funding Limited,0,2024-09-30,BS1 5AH,0,2026-11-30,RHOS,1140000,PURC,,Y,Monthly,Quarterly,460117.22,ACQUIRED-0025,SYN-ACQUIRED-0025,87,GB,CNEO,602521.14,,TLK51,South West,TLK51,TLK51,configured_nuts_classification_year,alp_acquired,acquired,ALP Acquired Back Book,2024-09-30,,alp_acquired
Active,0,Interest roll-up,0,,GBP,residential property,N,0,7.975,SONIA,1M,0,59.921552878498915,502083.89,837902,2026-05-31,Full survey,2026-05-31,2025-01-31,0,,0,Self employed,GBP,2021,TLD33,15,0,12,FXRL,N,ACQUIRED-0026,2036-11-30,ACQUIRED-0026-COLL-N,OBL-ACQUIRED-0026,ACQUIRED-0026-N,0,Owner Occupied,ACQUIRED-0026-COLL-O,0.3952,OBO-ACQUIRED-0026,276613.43,ACQUIRED-0026,Broker,2018-11-30,213800ABCDE123456701N202501,ERE Funding Limited,0,2024-09-30,M1 1AE,0,2026-11-30,RFLT,700000,EQRE,,Y,Monthly,Quarterly,290444.1,ACQUIRED-0026,SYN-ACQUIRED-0026,82,GB,CNEO,502083.89,,TLD33,North West,TLD33,TLD33,configured_nuts_classification_year,alp_acquired,acquired,ALP Acquired Back Book,2024-09-30,,alp_acquired
Active,0,Interest roll-up,0,,GBP,residential property,N,0,7.057,SONIA,1M,0,27.682382588943483,224968.91,812679,2026-05-31,Full survey,2026-05-31,2025-01-31,0,,0,Retired,GBP,2021,TLH42,15,0,12,FXRL,N,ACQUIRED-0027,2045-02-28,ACQUIRED-0027-COLL-N,OBL-ACQUIRED-0027,ACQUIRED-0027-N,0,Owner Occupied,ACQUIRED-0027-COLL-O,0.2494,OBO-ACQUIRED-0027,192028.69,ACQUIRED-0027,Broker,2024-02-29,213800ABCDE123456701N202501,ERE Funding Limited,0,2024-09-30,CB2 1TN,0,2026-11-30,RHOS,770000,EQRE,,Y,Monthly,Quarterly,201630.12,ACQUIRED-0027,SYN-ACQUIRED-0027,76,GB,CNEO,224968.91,,TLH42,East of England,TLH42,TLH42,configured_nuts_classification_year,alp_acquired,acquired,ALP Acquired Back Book,2024-09-30,,alp_acquired
Active,0,Interest roll-up,0,,GBP,residential property,N,0,7.452,SONIA,1M,0,31.235171011346697,100146.83,320622,2026-05-31,Full survey,2026-05-31,2025-01-31,0,,0,Self employed,GBP,2021,TLE42,15,0,12,FXRL,N,ACQUIRED-0028,2050-04-30,ACQUIRED-0028-COLL-N,OBL-ACQUIRED-0028,ACQUIRED-0028-N,0,Owner Occupied,ACQUIRED-0028-COLL-O,0.2813,OBO-ACQUIRED-0028,85787.0,ACQUIRED-0028,Broker,2024-04-30,213800ABCDE123456701N202501,ERE Funding Limited,0,2024-09-30,LS1 4AP,0,2026-11-30,RHOS,305000,RMRT,,Y,Monthly,Quarterly,90076.35,ACQUIRED-0028,SYN-ACQUIRED-0028,82,GB,CNEO,100146.83,,TLE42,Yorkshire and The Humber,TLE42,TLE42,configured_nuts_classification_year,alp_acquired,acquired,ALP Acquired Back Book,2024-09-30,,alp_acquired
Active,0,Interest roll-up,0,,GBP,residential property,N,0,7.323,SONIA,1M,0,52.20016269574332,133471.64,255692,2026-05-31,Full survey,2026-05-31,2025-01-31,0,,0,Retired,GBP,2021,TLG31,15,0,12,FXRL,N,ACQUIRED-0029,2047-01-30,ACQUIRED-0029-COLL-N,OBL-ACQUIRED-0029,ACQUIRED-0029-N,0,Owner Occupied,ACQUIRED-0029-COLL-O,0.4019,OBO-ACQUIRED-0029,90424.56,ACQUIRED-0029,Broker,2021-01-30,213800ABCDE123456701N202501,ERE Funding Limited,0,2024-09-30,B1 1AA,0,2026-11-30,RBGL,225000,EQRE,,Y,Monthly,Quarterly,94945.79,ACQUIRED-0029,SYN-ACQUIRED-0029,83,GB,CNEO,133471.64,,TLG31,West Midlands,TLG31,TLG31,configured_nuts_classification_year,alp_acquired,acquired,ALP Acquired Back Book,2024-09-30,,alp_acquired
Active,0,Interest roll-up,0,,GBP,residential property,N,0,8.25,SONIA,1M,0,34.77818669655901,309011.84,888522,2026-05-31,Full survey,2026-05-31,2025-01-31,0,,0,Retired,GBP,2021,TLJ16,15,0,12,FXRL,N,ACQUIRED-0030,2041-03-30,ACQUIRED-0030-COLL-N,OBL-ACQUIRED-0030,ACQUIRED-0030-N,0,Owner Occupied,ACQUIRED-0030-COLL-O,0.2574,OBO-ACQUIRED-0030,202064.74,ACQUIRED-0030,Broker,2021-03-30,213800ABCDE123456701N202501,ERE Funding Limited,0,2024-09-30,RG1 2DP,0,2026-11-30,RBGL,785000,PURC,,Y,Monthly,Quarterly,212167.98,ACQUIRED-0030,SYN-ACQUIRED-0030,89,GB,CNEO,309011.84,,TLJ16,South East,TLJ16,TLJ16,configured_nuts_classification_year,alp_acquired,acquired,ALP Acquired Back Book,2024-09-30,,alp_acquired
Active,0,Interest roll-up,0,,GBP,residential property,N,0,6.995,SONIA,1M,0,43.84697147456302,205927.74,469651,2026-05-31,Full survey,2026-05-31,2025-01-31,0,,0,Self employed,GBP,2021,TLI35,15,0,12,FXRL,N,ACQUIRED-0031,2043-03-30,ACQUIRED-0031-COLL-N,OBL-ACQUIRED-0031,ACQUIRED-0031-N,0,Owner Occupied,ACQUIRED-0031-COLL-O,0.3623,OBO-ACQUIRED-0031,153993.93,ACQUIRED-0031,Broker,2022-03-30,213800ABCDE123456701N202501,ERE Funding Limited,0,2024-09-30,SW1A 1AA,0,2026-11-30,RHOS,425000,RMRT,,Y,Monthly,Quarterly,161693.63,ACQUIRED-0031,SYN-ACQUIRED-0031,76,GB,CNEO,205927.74,,TLI35,London,TLI35,TLI35,configured_nuts_classification_year,alp_acquired,acquired,ALP Acquired Back Book,2024-09-30,,alp_acquired
Active,0,Interest roll-up,0,,GBP,residential property,N,0,6.532,SONIA,1M,0,47.75122997061816,250117.6,523793,2026-05-31,Full survey,2026-05-31,2025-01-31,0,,0,Employed,GBP,2021,TLL52,15,0,12,FXRL,N,ACQUIRED-0032,2035-01-30,ACQUIRED-0032-COLL-N,OBL-ACQUIRED-0032,ACQUIRED-0032-N,0,Owner Occupied,ACQUIRED-0032-COLL-O,0.3679,OBO-ACQUIRED-0032,165564.32,ACQUIRED-0032,Broker,2020-01-30,213800ABCDE123456701N202501,ERE Funding Limited,0,2024-09-30,CF10 1EP,0,2026-11-30,RFLT,450000,RMRT,,Y,Monthly,Quarterly,173842.54,ACQUIRED-0032,SYN-ACQUIRED-0032,87,GB,CNEO,250117.6,,TLL52,Wales,TLL52,TLL52,configured_nuts_classification_year,alp_acquired,acquired,ALP Acquired Back Book,2024-09-30,,alp_acquired
Active,0,Interest roll-up,0,,GBP,residential property,N,0,8.483,SONIA,1M,0,35.32159768521102,246831.21,698811,2026-05-31,Full survey,2026-05-31,2025-01-31,0,,0,Retired,GBP,2021,TLH42,15,0,12,FXRL,N,ACQUIRED-0033,2040-09-30,ACQUIRED-0033-COLL-N,OBL-ACQUIRED-0033,ACQUIRED-0033-N,0,Owner Occupied,ACQUIRED-0033-COLL-O,0.2829,OBO-ACQUIRED-0033,181046.82,ACQUIRED-0033,Broker,2022-09-30,213800ABCDE123456701N202501,ERE Funding Limited,0,2024-09-30,CB2 1TN,0,2026-11-30,RHOS,640000,EQRE,,Y,Monthly,Quarterly,190099.16,ACQUIRED-0033,SYN-ACQUIRED-0033,67,GB,CNEO,246831.21,,TLH42,East of England,TLH42,TLH42,configured_nuts_classification_year,alp_acquired,acquired,ALP Acquired Back Book,2024-09-30,,alp_acquired
Active,0,Interest roll-up,0,,GBP,residential property,N,0,6.285,SONIA,1M,0,22.08355246938943,53746.95,243380,2026-05-31,Full survey,2026-05-31,2025-01-31,0,,0,Retired,GBP,2021,TLE42,15,0,12,FXRL,N,ACQUIRED-0034,2048-10-30,ACQUIRED-0034-COLL-N,OBL-ACQUIRED-0034,ACQUIRED-0034-N,0,Owner Occupied,ACQUIRED-0034-COLL-O,0.2159,OBO-ACQUIRED-0034,51817.09,ACQUIRED-0034,Broker,2025-10-30,213800ABCDE123456701N202501,ERE Funding Limited,0,2024-09-30,LS1 4AP,0,2026-11-30,RHOS,240000,RENV,,Y,Monthly,Quarterly,54407.94,ACQUIRED-0034,SYN-ACQUIRED-0034,70,GB,CNEO,53746.95,,TLE42,Yorkshire and The Humber,TLE42,TLE42,configured_nuts_classification_year,alp_acquired,acquired,ALP Acquired Back Book,2024-09-30,,alp_acquired
Active,0,Interest roll-up,0,,GBP,residential property,N,0,8.338,SONIA,1M,0,45.97116122643886,235381.08,512019,2026-05-31,Full survey,2026-05-31,2025-01-31,0,,0,Employed,GBP,2021,TLJ16,15,0,12,FXRL,N,ACQUIRED-0035,2049-07-30,ACQUIRED-0035-COLL-N,OBL-ACQUIRED-0035,ACQUIRED-0035-N,0,Owner Occupied,ACQUIRED-0035-COLL-O,0.4125,OBO-ACQUIRED-0035,202121.93,ACQUIRED-0035,Broker,2024-07-30,213800ABCDE123456701N202501,ERE Funding Limited,0,2024-09-30,RG1 2DP,0,2026-11-30,RHOS,490000,EQRE,,Y,Monthly,Quarterly,212228.03,ACQUIRED-0035,SYN-ACQUIRED-0035,64,GB,CNEO,235381.08,,TLJ16,South East,TLJ16,TLJ16,configured_nuts_classification_year,alp_acquired,acquired,ALP Acquired Back Book,2024-09-30,,alp_acquired
Active,0,Interest roll-up,0,,GBP,residential property,N,0,7.078,SONIA,1M,0,32.98270340143929,102571.59,310986,2026-05-31,Full survey,2026-05-31,2025-01-31,0,,0,Self employed,GBP,2021,TLH42,15,0,12,FXRL,N,ACQUIRED-0036,2048-11-30,ACQUIRED-0036-COLL-N,OBL-ACQUIRED-0036,ACQUIRED-0036-N,0,Owner Occupied,ACQUIRED-0036-COLL-O,0.3076,OBO-ACQUIRED-0036,92268.51,ACQUIRED-0036,Broker,2024-11-30,213800ABCDE123456701N202501,ERE Funding Limited,0,2024-09-30,CB2 1TN,0,2026-11-30,RBGL,300000,RENV,,Y,Monthly,Quarterly,96881.94,ACQUIRED-0036,SYN-ACQUIRED-0036,77,GB,CNEO,102571.59,,TLH42,East of England,TLH42,TLH42,configured_nuts_classification_year,alp_acquired,acquired,ALP Acquired Back Book,2024-09-30,,alp_acquired
Active,0,Interest roll-up,0,,GBP,residential property,N,0,6.439,SONIA,1M,0,40.824149205878406,231232.88,566412,2026-05-31,Full survey,2026-05-31,2025-01-31,0,,0,Retired,GBP,2021,TLF14,15,0,12,FXRL,N,ACQUIRED-0037,2038-03-30,ACQUIRED-0037-COLL-N,OBL-ACQUIRED-0037,ACQUIRED-0037-N,0,Owner Occupied,ACQUIRED-0037-COLL-O,0.3594,OBO-ACQUIRED-0037,188683.08,ACQUIRED-0037,Broker,2023-03-30,213800ABCDE123456701N202501,ERE Funding Limited,0,2024-09-30,NG1 5FS,0,2026-11-30,RBGL,525000,PURC,,Y,Monthly,Quarterly,198117.23,ACQUIRED-0037,SYN-ACQUIRED-0037,72,GB,CNEO,231232.88,,TLF14,East Midlands,TLF14,TLF14,configured_nuts_classification_year,alp_acquired,acquired,ALP Acquired Back Book,2024-09-30,,alp_acquired
Active,0,Interest roll-up,0,,GBP,residential property,N,0,7.683,SONIA,1M,0,31.5013500545897,257367.29,817004,2026-05-31,Full survey,2026-05-31,2025-01-31,0,,0,Employed,GBP,2021,TLL52,15,0,12,FXRL,N,ACQUIRED-0038,2041-09-30,ACQUIRED-0038-COLL-N,OBL-ACQUIRED-0038,ACQUIRED-0038-N,0,Owner Occupied,ACQUIRED-0038-COLL-O,0.2886,OBO-ACQUIRED-0038,226526.6,ACQUIRED-0038,Broker,2024-09-30,213800ABCDE123456701N202501,ERE Funding Limited,0,2024-09-30,CF10 1EP,0,2026-11-30,RFLT,785000,RMRT,,Y,Monthly,Quarterly,237852.93,ACQUIRED-0038,SYN-ACQUIRED-0038,84,GB,CNEO,257367.29,,TLL52,Wales,TLL52,TLL52,configured_nuts_classification_year,alp_acquired,acquired,ALP Acquired Back Book,2024-09-30,,alp_acquired
Active,0,Interest roll-up,0,,GBP,residential property,N,0,6.59,SONIA,1M,0,37.611206534410805,151310.26,402301,2026-05-31,Full survey,2026-05-31,2025-01-31,0,,0,Self employed,GBP,2021,TLL52,15,0,12,FXRL,N,SPV1-0001,2048-07-30,SPV1-0001-COLL-N,OBL-SPV1-0001,SPV1-0001-N,0,Owner Occupied,SPV1-0001-COLL-O,0.3484,OBO-SPV1-0001,134134.94,SPV1-0001,IFA,2024-07-30,213800ABCDE123456701N202501,ERE Funding Limited,0,2024-07-30,CF10 1EP,0,2026-11-30,RFLT,385000,RMRT,,Y,Monthly,Quarterly,140841.69,SPV1-0001,SYN-SPV1-0001,65,GB,CNEO,151310.26,,TLL52,Wales,TLL52,TLL52,configured_nuts_classification_year,spv1_sponsored,direct,SPV1 Sponsored Securitisation,,,spv1_sponsored
Active,0,Interest roll-up,0,,GBP,residential property,N,0,7.809,SONIA,1M,0,39.445863067208855,430989.05,1092609,2026-05-31,Full survey,2026-05-31,2025-01-31,0,,0,Self employed,GBP,2021,TLH42,15,0,12,FXRL,N,SPV1-0002,2042-08-30,SPV1-0002-COLL-N,OBL-SPV1-0002,SPV1-0002-N,0,Owner Occupied,SPV1-0002-COLL-O,0.3054,OBO-SPV1-0002,297780.57,SPV1-0002,IFA,2021-08-30,213800ABCDE123456701N202501,ERE Funding Limited,0,2021-08-30,CB2 1TN,0,2026-11-30,RHOS,975000,PURC,,Y,Monthly,Quarterly,312669.6,SPV1-0002,SYN-SPV1-0002,84,GB,CNEO,430989.05,,TLH42,East of England,TLH42,TLH42,configured_nuts_classification_year,spv1_sponsored,direct,SPV1 Sponsored Securitisation,,,spv1_sponsored
Active,0,Interest roll-up,0,,GBP,residential property,N,0,7.334,SONIA,1M,0,35.40187360043819,87900.02,248292,2026-05-31,Full survey,2026-05-31,2025-01-31,0,,0,Retired,GBP,2021,TLH42,15,0,12,FXRL,N,SPV1-0003,2042-12-30,SPV1-0003-COLL-N,OBL-SPV1-0003,SPV1-0003-N,0,Owner Occupied,SPV1-0003-COLL-O,0.3302,OBO-SPV1-0003,79250.83,SPV1-0003,IFA,2024-12-30,213800ABCDE123456701N202501,ERE Funding Limited,0,2024-12-30,CB2 1TN,0,2026-11-30,RHOS,240000,PURC,,Y,Monthly,Quarterly,83213.37,SPV1-0003,SYN-SPV1-0003,75,GB,CNEO,87900.02,,TLH42,East of England,TLH42,TLH42,configured_nuts_classification_year,spv1_sponsored,direct,SPV1 Sponsored Securitisation,,,spv1_sponsored
Active,0,Interest roll-up,0,,GBP,residential property,N,0,7.559,SONIA,1M,0,38.255693356808166,521052.49,1362026,2026-05-31,Full survey,2026-05-31,2025-01-31,0,,0,Self employed,GBP,2021,TLD33,15,0,12,FXRL,N,SPV1-0004,2043-04-30,SPV1-0004-COLL-N,OBL-SPV1-0004,SPV1-0004-N,0,Owner Occupied,SPV1-0004-COLL-O,0.3102,OBO-SPV1-0004,383047.77,SPV1-0004,IFA,2022-04-30,213800ABCDE123456701N202501,ERE Funding Limited,0,2022-04-30,M1 1AE,0,2026-11-30,RHOS,1235000,RMRT,,Y,Monthly,Quarterly,402200.16,SPV1-0004,SYN-SPV1-0004,84,GB,CNEO,521052.49,,TLD33,North West,TLD33,TLD33,configured_nuts_classification_year,spv1_sponsored,direct,SPV1 Sponsored Securitisation,,,spv1_sponsored
Active,0,Interest roll-up,0,,GBP,residential property,N,0,8.855,SONIA,1M,0,55.338167985310406,327894.14,592528,2026-05-31,Full survey,2026-05-31,2025-01-31,0,,0,Self employed,GBP,2021,TLI35,15,0,12,FXRL,N,SPV1-0005,2043-09-30,SPV1-0005-COLL-N,OBL-SPV1-0005,SPV1-0005-N,0,Owner Occupied,SPV1-0005-COLL-O,0.3606,OBO-SPV1-0005,182094.34,SPV1-0005,IFA,2019-09-30,213800ABCDE123456701N202501,ERE Funding Limited,0,2019-09-30,SW1A 1AA,0,2026-11-30,RBGL,505000,PURC,,Y,Monthly,Quarterly,191199.06,SPV1-0005,SYN-SPV1-0005,66,GB,CNEO,327894.14,,TLI35,London,TLI35,TLI35,configured_nuts_classification_year,spv1_sponsored,direct,SPV1 Sponsored Securitisation,,,spv1_sponsored
Active,0,Interest roll-up,0,,GBP,residential property,N,0,7.119,SONIA,1M,0,38.60045318763334,548018.74,1419721,2026-05-31,Full survey,2026-05-31,2025-01-31,0,,0,Retired,GBP,2021,TLL52,15,0,12,FXRL,N,SPV1-0006,2045-09-30,SPV1-0006-COLL-N,OBL-SPV1-0006,SPV1-0006-N,0,Owner Occupied,SPV1-0006-COLL-O,0.2822,OBO-SPV1-0006,341419.43,SPV1-0006,IFA,2019-09-30,213800ABCDE123456701N202501,ERE Funding Limited,0,2019-09-30,CF10 1EP,0,2026-11-30,RHOS,1210000,EQRE,,Y,Monthly,Quarterly,358490.4,SPV1-0006,SYN-SPV1-0006,76,GB,CNEO,548018.74,,TLL52,Wales,TLL52,TLL52,configured_nuts_classification_year,spv1_sponsored,direct,SPV1 Sponsored Securitisation,,,spv1_sponsored
Active,0,Interest roll-up,0,,GBP,residential property,N,0,8.044,SONIA,1M,0,58.01227494221064,253223.0,436499,2026-05-31,Full survey,2026-05-31,2025-01-31,0,,0,Employed,GBP,2021,TLD33,15,0,12,FXRL,N,SPV1-0007,2038-03-30,SPV1-0007-COLL-N,OBL-SPV1-0007,SPV1-0007-N,0,Owner Occupied,SPV1-0007-COLL-O,0.459,OBO-SPV1-0007,181312.53,SPV1-0007,IFA,2022-03-30,213800ABCDE123456701N202501,ERE Funding Limited,0,2022-03-30,M1 1AE,0,2026-11-30,RHOS,395000,RMRT,,Y,Monthly,Quarterly,190378.16,SPV1-0007,SYN-SPV1-0007,66,GB,CNEO,253223.0,,TLD33,North West,TLD33,TLD33,configured_nuts_classification_year,spv1_sponsored,direct,SPV1 Sponsored Securitisation,,,spv1_sponsored
Active,0,Interest roll-up,0,,GBP,residential property,N,0,7.336,SONIA,1M,0,33.62148755774025,390278.9,1160802,2026-05-31,Full survey,2026-05-31,2025-01-31,0,,0,Retired,GBP,2021,TLG31,15,0,12,FXRL,N,SPV1-0008,2045-10-30,SPV1-0008-COLL-N,OBL-SPV1-0008,SPV1-0008-N,0,Owner Occupied,SPV1-0008-COLL-O,0.2684,OBO-SPV1-0008,279122.81,SPV1-0008,IFA,2021-10-30,213800ABCDE123456701N202501,ERE Funding Limited,0,2021-10-30,B1 1AA,0,2026-11-30,RHOS,1040000,EQRE,,Y,Monthly,Quarterly,293078.95,SPV1-0008,SYN-SPV1-0008,89,GB,CNEO,390278.9,,TLG31,West Midlands,TLG31,TLG31,configured_nuts_classification_year,spv1_sponsored,direct,SPV1 Sponsored Securitisation,,,spv1_sponsored
Active,0,Interest roll-up,0,,GBP,residential property,N,0,6.491,SONIA,1M,0,48.642253311946774,163759.01,336660,2026-05-31,Full survey,2026-05-31,2025-01-31,0,,0,Self employed,GBP,2021,TLJ16,15,0,12,FXRL,N,SPV1-0009,2047-07-30,SPV1-0009-COLL-N,OBL-SPV1-0009,SPV1-0009-N,0,Owner Occupied,SPV1-0009-COLL-O,0.4702,OBO-SPV1-0009,155158.94,SPV1-0009,IFA,2025-07-30,213800ABCDE123456701N202501,ERE Funding Limited,0,2025-07-30,RG1 2DP,0,2026-11-30,RHOS,330000,RMRT,,Y,Monthly,Quarterly,162916.89,SPV1-0009,SYN-SPV1-0009,67,GB,CNEO,163759.01,,TLJ16,South East,TLJ16,TLJ16,configured_nuts_classification_year,spv1_sponsored,direct,SPV1 Sponsored Securitisation,,,spv1_sponsored
Active,0,Interest roll-up,0,,GBP,residential property,N,0,6.736,SONIA,1M,0,39.36795249073081,222339.96,564774,2026-05-31,Full survey,2026-05-31,2025-01-31,0,,0,Employed,GBP,2021,TLJ16,15,0,12,FXRL,N,SPV1-0010,2043-11-30,SPV1-0010-COLL-N,OBL-SPV1-0010,SPV1-0010-N,0,Owner Occupied,SPV1-0010-COLL-O,0.3104,OBO-SPV1-0010,153663.25,SPV1-0010,IFA,2020-11-30,213800ABCDE123456701N202501,ERE Funding Limited,0,2020-11-30,RG1 2DP,0,2026-11-30,RFLT,495000,RMRT,,Y,Monthly,Quarterly,161346.41,SPV1-0010,SYN-SPV1-0010,65,GB,CNEO,222339.96,,TLJ16,South East,TLJ16,TLJ16,configured_nuts_classification_year,spv1_sponsored,direct,SPV1 Sponsored Securitisation,,,spv1_sponsored
Active,0,Interest roll-up,0,,GBP,residential property,N,0,6.783,SONIA,1M,0,34.995876186846594,276398.48,789803,2026-05-31,Full survey,2026-05-31,2025-01-31,0,,0,Self employed,GBP,2021,TLG31,15,0,12,FXRL,N,SPV1-0011,2036-01-30,SPV1-0011-COLL-N,OBL-SPV1-0011,SPV1-0011-N,0,Owner Occupied,SPV1-0011-COLL-O,0.2773,OBO-SPV1-0011,192693.76,SPV1-0011,IFA,2021-01-30,213800ABCDE123456701N202501,ERE Funding Limited,0,2021-01-30,B1 1AA,0,2026-11-30,RBGL,695000,RMRT,,Y,Monthly,Quarterly,202328.45,SPV1-0011,SYN-SPV1-0011,86,GB,CNEO,276398.48,,TLG31,West Midlands,TLG31,TLG31,configured_nuts_classification_year,spv1_sponsored,direct,SPV1 Sponsored Securitisation,,,spv1_sponsored
Active,0,Interest roll-up,0,,GBP,residential property,N,0,8.548,SONIA,1M,0,30.633923461044827,404089.94,1319093,2026-05-31,Full survey,2026-05-31,2025-01-31,0,,0,Self employed,GBP,2021,TLI35,15,0,12,FXRL,N,SPV1-0012,2047-06-30,SPV1-0012-COLL-N,OBL-SPV1-0012,SPV1-0012-N,0,Owner Occupied,SPV1-0012-COLL-O,0.2563,OBO-SPV1-0012,315199.13,SPV1-0012,IFA,2023-06-30,213800ABCDE123456701N202501,ERE Funding Limited,0,2023-06-30,SW1A 1AA,0,2026-11-30,RFLT,1230000,RENV,,Y,Monthly,Quarterly,330959.09,SPV1-0012,SYN-SPV1-0012,81,GB,CNEO,404089.94,,TLI35,London,TLI35,TLI35,configured_nuts_classification_year,spv1_sponsored,direct,SPV1 Sponsored Securitisation,,,spv1_sponsored
Active,0,Interest roll-up,0,,GBP,residential property,N,0,6.539,SONIA,1M,0,33.350125748735785,223043.64,668794,2026-05-31,Full survey,2026-05-31,2025-01-31,0,,0,Retired,GBP,2021,TLK51,15,0,12,FXRL,N,SPV1-0013,2033-09-30,SPV1-0013-COLL-N,OBL-SPV1-0013,SPV1-0013-N,0,Owner Occupied,SPV1-0013-COLL-O,0.2533,OBO-SPV1-0013,144404.38,SPV1-0013,IFA,2019-09-30,213800ABCDE123456701N202501,ERE Funding Limited,0,2019-09-30,BS1 5AH,0,2026-11-30,RHOS,570000,RMRT,,Y,Monthly,Quarterly,151624.6,SPV1-0013,SYN-SPV1-0013,76,GB,CNEO,223043.64,,TLK51,South West,TLK51,TLK51,configured_nuts_classification_year,spv1_sponsored,direct,SPV1 Sponsored Securitisation,,,spv1_sponsored
Active,0,Interest roll-up,0,,GBP,residential property,N,0,7.214,SONIA,1M,0,38.119893709109206,473401.43,1241875,2026-05-31,Full survey,2026-05-31,2025-01-31,0,,0,Retired,GBP,2021,TLE42,15,0,12,FXRL,N,SPV1-0014,2035-05-30,SPV1-0014-COLL-N,OBL-SPV1-0014,SPV1-0014-N,0,Owner Occupied,SPV1-0014-COLL-O,0.2725,OBO-SPV1-0014,286138.38,SPV1-0014,IFA,2019-05-30,213800ABCDE123456701N202501,ERE Funding Limited,0,2019-05-30,LS1 4AP,0,2026-11-30,RHOS,1050000,RMRT,,Y,Monthly,Quarterly,300445.3,SPV1-0014,SYN-SPV1-0014,74,GB,CNEO,473401.43,,TLE42,Yorkshire and The Humber,TLE42,TLE42,configured_nuts_classification_year,spv1_sponsored,direct,SPV1 Sponsored Securitisation,,,spv1_sponsored
Active,0,Interest roll-up,0,,GBP,residential property,N,0,6.678,SONIA,1M,0,27.519377072374528,278530.22,1012124,2026-05-31,Full survey,2026-05-31,2025-01-31,0,,0,Self employed,GBP,2021,TLI35,15,0,12,FXRL,N,SPV1-0015,2041-04-30,SPV1-0015-COLL-N,OBL-SPV1-0015,SPV1-0015-N,0,Owner Occupied,SPV1-0015-COLL-O,0.2413,OBO-SPV1-0015,226828.08,SPV1-0015,IFA,2023-04-30,213800ABCDE123456701N202501,ERE Funding Limited,0,2023-04-30,SW1A 1AA,0,2026-11-30,RBGL,940000,PURC,,Y,Monthly,Quarterly,238169.48,SPV1-0015,SYN-SPV1-0015,76,GB,CNEO,278530.22,,TLI35,London,TLI35,TLI35,configured_nuts_classification_year,spv1_sponsored,direct,SPV1 Sponsored Securitisation,,,spv1_sponsored
Active,0,Interest roll-up,0,,GBP,residential property,N,0,6.753,SONIA,1M,0,33.87745713455391,116572.33,344100,2026-05-31,Full survey,2026-05-31,2025-01-31,0,,0,Retired,GBP,2021,TLH42,15,0,12,FXRL,N,SPV1-0016,2050-11-30,SPV1-0016-COLL-N,OBL-SPV1-0016,SPV1-0016-N,0,Owner Occupied,SPV1-0016-COLL-O,0.3315,OBO-SPV1-0016,112712.64,SPV1-0016,IFA,2025-11-30,213800ABCDE123456701N202501,ERE Funding Limited,0,2025-11-30,CB2 1TN,0,2026-11-30,RBGL,340000,RMRT,,Y,Monthly,Quarterly,118348.27,SPV1-0016,SYN-SPV1-0016,63,GB,CNEO,116572.33,,TLH42,East of England,TLH42,TLH42,configured_nuts_classification_year,spv1_sponsored,direct,SPV1 Sponsored Securitisation,,,spv1_sponsored
Active,0,Interest roll-up,0,,GBP,residential property,N,0,6.675,SONIA,1M,0,39.08358006406952,299518.97,766355,2026-05-31,Full survey,2026-05-31,2025-01-31,0,,0,Employed,GBP,2021,TLI35,15,0,12,FXRL,N,SPV1-0017,2042-06-30,SPV1-0017-COLL-N,OBL-SPV1-0017,SPV1-0017-N,0,Owner Occupied,SPV1-0017-COLL-O,0.3038,OBO-SPV1-0017,202013.52,SPV1-0017,IFA,2020-06-30,213800ABCDE123456701N202501,ERE Funding Limited,0,2020-06-30,SW1A 1AA,0,2026-11-30,RHOS,665000,EQRE,,Y,Monthly,Quarterly,212114.2,SPV1-0017,SYN-SPV1-0017,76,GB,CNEO,299518.97,,TLI35,London,TLI35,TLI35,configured_nuts_classification_year,spv1_sponsored,direct,SPV1 Sponsored Securitisation,,,spv1_sponsored
Active,0,Interest roll-up,0,,GBP,residential property,N,0,5.853,SONIA,1M,0,38.79916555658883,463110.72,1193610,2026-05-31,Full survey,2026-05-31,2025-01-31,0,,0,Employed,GBP,2021,TLI35,15,0,12,FXRL,N,SPV1-0018,2039-06-30,SPV1-0018-COLL-N,OBL-SPV1-0018,SPV1-0018-N,0,Owner Occupied,SPV1-0018-COLL-O,0.3632,OBO-SPV1-0018,414078.83,SPV1-0018,IFA,2024-06-30,213800ABCDE123456701N202501,ERE Funding Limited,0,2024-06-30,SW1A 1AA,0,2026-11-30,RBGL,1140000,PURC,,Y,Monthly,Quarterly,434782.77,SPV1-0018,SYN-SPV1-0018,61,GB,CNEO,463110.72,,TLI35,London,TLI35,TLI35,configured_nuts_classification_year,spv1_sponsored,direct,SPV1 Sponsored Securitisation,,,spv1_sponsored
Active,0,Interest roll-up,0,,GBP,residential property,N,0,8.046,SONIA,1M,0,44.92844385717812,371301.24,826428,2026-05-31,Full survey,2026-05-31,2025-01-31,0,,0,Retired,GBP,2021,TLG31,15,0,12,FXRL,N,SPV1-0019,2040-01-30,SPV1-0019-COLL-N,OBL-SPV1-0019,SPV1-0019-N,0,Owner Occupied,SPV1-0019-COLL-O,0.3147,OBO-SPV1-0019,223438.11,SPV1-0019,IFA,2020-01-30,213800ABCDE123456701N202501,ERE Funding Limited,0,2020-01-30,B1 1AA,0,2026-11-30,RFLT,710000,RMRT,,Y,Monthly,Quarterly,234610.02,SPV1-0019,SYN-SPV1-0019,78,GB,CNEO,371301.24,,TLG31,West Midlands,TLG31,TLG31,configured_nuts_classification_year,spv1_sponsored,direct,SPV1 Sponsored Securitisation,,,spv1_sponsored
Active,0,Interest roll-up,0,,GBP,residential property,N,0,7.642,SONIA,1M,0,30.516179747366134,235834.53,772818,2026-05-31,Full survey,2026-05-31,2025-01-31,0,,0,Self employed,GBP,2021,TLD33,15,0,12,FXRL,N,SPV1-0020,2050-02-28,SPV1-0020-COLL-N,OBL-SPV1-0020,SPV1-0020-N,0,Owner Occupied,SPV1-0020-COLL-O,0.2859,OBO-SPV1-0020,214413.91,SPV1-0020,IFA,2025-02-28,213800ABCDE123456701N202501,ERE Funding Limited,0,2025-02-28,M1 1AE,0,2026-11-30,RHOS,750000,PURC,,Y,Monthly,Quarterly,225134.61,SPV1-0020,SYN-SPV1-0020,61,GB,CNEO,235834.53,,TLD33,North West,TLD33,TLD33,configured_nuts_classification_year,spv1_sponsored,direct,SPV1 Sponsored Securitisation,,,spv1_sponsored
Active,0,Interest roll-up,0,,GBP,residential property,N,0,8.344,SONIA,1M,0,21.897054028447684,142369.39,650176,2026-05-31,Full survey,2026-05-31,2025-01-31,0,,0,Retired,GBP,2021,TLJ16,15,0,12,FXRL,N,SPV1-0021,2051-01-30,SPV1-0021-COLL-N,OBL-SPV1-0021,SPV1-0021-N,0,Owner Occupied,SPV1-0021-COLL-O,0.2147,OBO-SPV1-0021,138477.51,SPV1-0021,IFA,2026-01-30,213800ABCDE123456701N202501,ERE Funding Limited,0,2026-01-30,RG1 2DP,0,2026-11-30,RFLT,645000,EQRE,,Y,Monthly,Quarterly,145401.39,SPV1-0021,SYN-SPV1-0021,68,GB,CNEO,142369.39,,TLJ16,South East,TLJ16,TLJ16,configured_nuts_classification_year,spv1_sponsored,direct,SPV1 Sponsored Securitisation,,,spv1_sponsored
Active,0,Interest roll-up,0,,GBP,residential property,N,0,8.693,SONIA,1M,0,70.41669135621001,919797.61,1306221,2026-05-31,Full survey,2026-05-31,2025-01-31,0,,0,Self employed,GBP,2021,TLE42,15,0,12,FXRL,N,SPV1-0022,2037-03-30,SPV1-0022-COLL-N,OBL-SPV1-0022,SPV1-0022-N,0,Owner Occupied,SPV1-0022-COLL-O,0.4495,OBO-SPV1-0022,494427.75,SPV1-0022,IFA,2019-03-30,213800ABCDE123456701N202501,ERE Funding Limited,0,2019-03-30,LS1 4AP,0,2026-11-30,RBGL,1100000,RENV,,Y,Monthly,Quarterly,519149.14,SPV1-0022,SYN-SPV1-0022,86,GB,CNEO,919797.61,,TLE42,Yorkshire and The Humber,TLE42,TLE42,configured_nuts_classification_year,spv1_sponsored,direct,SPV1 Sponsored Securitisation,,,spv1_sponsored
Active,0,Interest roll-up,0,,GBP,residential property,N,0,7.786,SONIA,1M,0,67.22895448802211,184631.55,274631,2026-05-31,Full survey,2026-05-31,2025-01-31,0,,0,Self employed,GBP,2021,TLD33,15,0,12,FXRL,N,SPV1-0023,2034-11-30,SPV1-0023-COLL-N,OBL-SPV1-0023,SPV1-0023-N,0,Owner Occupied,SPV1-0023-COLL-O,0.4744,OBO-SPV1-0023,111486.89,SPV1-0023,IFA,2019-11-30,213800ABCDE123456701N202501,ERE Funding Limited,0,2019-11-30,M1 1AE,0,2026-11-30,RBGL,235000,PURC,,Y,Monthly,Quarterly,117061.23,SPV1-0023,SYN-SPV1-0023,74,GB,CNEO,184631.55,,TLD33,North West,TLD33,TLD33,configured_nuts_classification_year,spv1_sponsored,direct,SPV1 Sponsored Securitisation,,,spv1_sponsored
Active,0,Interest roll-up,0,,GBP,residential property,N,0,7.428,SONIA,1M,0,57.263291196320395,304773.56,532232,2026-05-31,Full survey,2026-05-31,2025-01-31,0,,0,Retired,GBP,2021,TLL52,15,0,12,FXRL,N,SPV1-0024,2035-05-30,SPV1-0024-COLL-N,OBL-SPV1-0024,SPV1-0024-N,0,Owner Occupied,SPV1-0024-COLL-O,0.4033,OBO-SPV1-0024,181492.03,SPV1-0024,IFA,2019-05-30,213800ABCDE123456701N202501,ERE Funding Limited,0,2019-05-30,CF10 1EP,0,2026-11-30,RBGL,450000,RMRT,,Y,Monthly,Quarterly,190566.63,SPV1-0024,SYN-SPV1-0024,77,GB,CNEO,304773.56,,TLL52,Wales,TLL52,TLL52,configured_nuts_classification_year,spv1_sponsored,direct,SPV1 Sponsored Securitisation,,,spv1_sponsored
Active,0,Interest roll-up,0,,GBP,residential property,N,0,6.35,SONIA,1M,0,26.412686484915888,79085.13,299421,2026-05-31,Full survey,2026-05-31,2025-01-31,0,,0,Retired,GBP,2021,TLF14,15,0,12,FXRL,N,SPV1-0025,2042-01-30,SPV1-0025-COLL-N,OBL-SPV1-0025,SPV1-0025-N,0,Owner Occupied,SPV1-0025-COLL-O,0.2506,OBO-SPV1-0025,72681.1,SPV1-0025,IFA,2025-01-30,213800ABCDE123456701N202501,ERE Funding Limited,0,2025-01-30,NG1 5FS,0,2026-11-30,RBGL,290000,PURC,,Y,Monthly,Quarterly,76315.16,SPV1-0025,SYN-SPV1-0025,72,GB,CNEO,79085.13,,TLF14,East Midlands,TLF14,TLF14,configured_nuts_classification_year,spv1_sponsored,direct,SPV1 Sponsored Securitisation,,,spv1_sponsored
Active,0,Interest roll-up,0,,GBP,residential property,N,0,5.98,SONIA,1M,0,29.673102221809334,178868.57,602797,2026-05-31,Full survey,2026-05-31,2025-01-31,0,,0,Retired,GBP,2021,TLI35,15,0,12,FXRL,N,SPV1-0026,2045-01-30,SPV1-0026-COLL-N,OBL-SPV1-0026,SPV1-0026-N,0,Owner Occupied,SPV1-0026-COLL-O,0.273,OBO-SPV1-0026,155627.37,SPV1-0026,IFA,2024-01-30,213800ABCDE123456701N202501,ERE Funding Limited,0,2024-01-30,SW1A 1AA,0,2026-11-30,RHOS,570000,EQRE,,Y,Monthly,Quarterly,163408.74,SPV1-0026,SYN-SPV1-0026,74,GB,CNEO,178868.57,,TLI35,London,TLI35,TLI35,configured_nuts_classification_year,spv1_sponsored,direct,SPV1 Sponsored Securitisation,,,spv1_sponsored
Active,0,Interest roll-up,0,,GBP,residential property,N,0,7.481,SONIA,1M,0,24.269113400267926,189677.44,781559,2026-05-31,Full survey,2026-05-31,2025-01-31,0,,0,Retired,GBP,2021,TLL52,15,0,12,FXRL,N,SPV1-0027,2047-03-30,SPV1-0027-COLL-N,OBL-SPV1-0027,SPV1-0027-N,0,Owner Occupied,SPV1-0027-COLL-O,0.2288,OBO-SPV1-0027,173871.68,SPV1-0027,IFA,2025-03-30,213800ABCDE123456701N202501,ERE Funding Limited,0,2025-03-30,CF10 1EP,0,2026-11-30,RHOS,760000,RMRT,,Y,Monthly,Quarterly,182565.26,SPV1-0027,SYN-SPV1-0027,68,GB,CNEO,189677.44,,TLL52,Wales,TLL52,TLL52,configured_nuts_classification_year,spv1_sponsored,direct,SPV1 Sponsored Securitisation,,,spv1_sponsored
Active,0,Interest roll-up,0,,GBP,residential property,N,0,8.473,SONIA,1M,0,25.97431461095751,137064.64,527693,2026-05-31,Full survey,2026-05-31,2025-01-31,0,,0,Self employed,GBP,2021,TLE42,15,0,12,FXRL,N,SPV1-0028,2045-07-30,SPV1-0028-COLL-N,OBL-SPV1-0028,SPV1-0028-N,0,Owner Occupied,SPV1-0028-COLL-O,0.2325,OBO-SPV1-0028,117408.6,SPV1-0028,IFA,2024-07-30,213800ABCDE123456701N202501,ERE Funding Limited,0,2024-07-30,LS1 4AP,0,2026-11-30,RBGL,505000,RENV,,Y,Monthly,Quarterly,123279.03,SPV1-0028,SYN-SPV1-0028,66,GB,CNEO,137064.64,,TLE42,Yorkshire and The Humber,TLE42,TLE42,configured_nuts_classification_year,spv1_sponsored,direct,SPV1 Sponsored Securitisation,,,spv1_sponsored
Active,0,Interest roll-up,0,,GBP,residential property,N,0,6.092,SONIA,1M,0,34.73907236782871,162050.13,466478,2026-05-31,Full survey,2026-05-31,2025-01-31,0,,0,Retired,GBP,2021,TLJ16,15,0,12,FXRL,N,SPV1-0029,2040-11-30,SPV1-0029-COLL-N,OBL-SPV1-0029,SPV1-0029-N,0,Owner Occupied,SPV1-0029-COLL-O,0.3287,OBO-SPV1-0029,147932.62,SPV1-0029,IFA,2024-11-30,213800ABCDE123456701N202501,ERE Funding Limited,0,2024-11-30,RG1 2DP,0,2026-11-30,RFLT,450000,RENV,,Y,Monthly,Quarterly,155329.25,SPV1-0029,SYN-SPV1-0029,74,GB,CNEO,162050.13,,TLJ16,South East,TLJ16,TLJ16,configured_nuts_classification_year,spv1_sponsored,direct,SPV1 Sponsored Securitisation,,,spv1_sponsored
Active,0,Interest roll-up,0,,GBP,residential property,N,0,8.797,SONIA,1M,0,41.0544873329609,462983.77,1127730,2026-05-31,Full survey,2026-05-31,2025-01-31,0,,0,Retired,GBP,2021,TLD33,15,0,12,FXRL,N,SPV1-0030,2041-10-30,SPV1-0030-COLL-N,OBL-SPV1-0030,SPV1-0030-N,0,Owner Occupied,SPV1-0030-COLL-O,0.3483,OBO-SPV1-0030,369172.9,SPV1-0030,IFA,2023-10-30,213800ABCDE123456701N202501,ERE Funding Limited,0,2023-10-30,M1 1AE,0,2026-11-30,RHOS,1060000,EQRE,,Y,Monthly,Quarterly,387631.55,SPV1-0030,SYN-SPV1-0030,78,GB,CNEO,462983.77,,TLD33,North West,TLD33,TLD33,configured_nuts_classification_year,spv1_sponsored,direct,SPV1 Sponsored Securitisation,,,spv1_sponsored
Active,0,Interest roll-up,0,,GBP,residential property,N,0,7.29,SONIA,1M,0,33.72573303315266,150700.74,446842,2026-05-31,Full survey,2026-05-31,2025-01-31,0,,0,Employed,GBP,2021,TLH42,15,0,12,FXRL,N,SPV1-0031,2045-04-30,SPV1-0031-COLL-N,OBL-SPV1-0031,SPV1-0031-N,0,Owner Occupied,SPV1-0031-COLL-O,0.2902,OBO-SPV1-0031,120445.94,SPV1-0031,IFA,2023-04-30,213800ABCDE123456701N202501,ERE Funding Limited,0,2023-04-30,CB2 1TN,0,2026-11-30,RFLT,415000,RENV,,Y,Monthly,Quarterly,126468.24,SPV1-0031,SYN-SPV1-0031,65,GB,CNEO,150700.74,,TLH42,East of England,TLH42,TLH42,configured_nuts_classification_year,spv1_sponsored,direct,SPV1 Sponsored Securitisation,,,spv1_sponsored
Active,0,Interest roll-up,0,,GBP,residential property,N,0,8.626,SONIA,1M,0,42.24369436441564,196039.89,464069,2026-05-31,Full survey,2026-05-31,2025-01-31,0,,0,Retired,GBP,2021,TLH42,15,0,12,FXRL,N,SPV1-0032,2041-03-30,SPV1-0032-COLL-N,OBL-SPV1-0032,SPV1-0032-N,0,Owner Occupied,SPV1-0032-COLL-O,0.3067,OBO-SPV1-0032,125742.44,SPV1-0032,IFA,2021-03-30,213800ABCDE123456701N202501,ERE Funding Limited,0,2021-03-30,CB2 1TN,0,2026-11-30,RBGL,410000,EQRE,,Y,Monthly,Quarterly,132029.56,SPV1-0032,SYN-SPV1-0032,67,GB,CNEO,196039.89,,TLH42,East of England,TLH42,TLH42,configured_nuts_classification_year,spv1_sponsored,direct,SPV1 Sponsored Securitisation,,,spv1_sponsored
Active,0,Interest roll-up,0,,GBP,residential property,N,0,6.243,SONIA,1M,0,39.32513162285417,84851.05,215768,2026-05-31,Full survey,2026-05-31,2025-01-31,0,,0,Retired,GBP,2021,TLM13,15,0,12,FXRL,N,SPV1-0033,2038-12-30,SPV1-0033-COLL-N,OBL-SPV1-0033,SPV1-0033-N,0,Owner Occupied,SPV1-0033-COLL-O,0.3076,OBO-SPV1-0033,56902.73,SPV1-0033,IFA,2019-12-30,213800ABCDE123456701N202501,ERE Funding Limited,0,2019-12-30,EH1 1YZ,0,2026-11-30,RHOS,185000,RMRT,,Y,Monthly,Quarterly,59747.87,SPV1-0033,SYN-SPV1-0033,70,GB,CNEO,84851.05,,TLM13,Scotland,TLM13,TLM13,configured_nuts_classification_year,spv1_sponsored,direct,SPV1 Sponsored Securitisation,,,spv1_sponsored
Active,0,Interest roll-up,0,,GBP,residential property,N,0,8.896,SONIA,1M,0,32.86120248505517,369624.12,1124804,2026-05-31,Full survey,2026-05-31,2025-01-31,0,,0,Self employed,GBP,2021,TLL52,15,0,12,FXRL,N,SPV1-0034,2040-04-30,SPV1-0034-COLL-N,OBL-SPV1-0034,SPV1-0034-N,0,Owner Occupied,SPV1-0034-COLL-O,0.2872,OBO-SPV1-0034,307303.81,SPV1-0034,IFA,2024-04-30,213800ABCDE123456701N202501,ERE Funding Limited,0,2024-04-30,CF10 1EP,0,2026-11-30,RFLT,1070000,RENV,,Y,Monthly,Quarterly,322669.0,SPV1-0034,SYN-SPV1-0034,85,GB,CNEO,369624.12,,TLL52,Wales,TLL52,TLL52,configured_nuts_classification_year,spv1_sponsored,direct,SPV1 Sponsored Securitisation,,,spv1_sponsored
